,Unnamed: 0,Symbol,Security,SEC filings,GICS Sector,GICS Sub-Industry,Headquarters Location,Date first added,CIK,Founded,TPE,FPE
0,0,IPG,Interpublic Group,reports,Communication Services,Advertising,New York City,1992-10-01,51644,1961 (1930),29.648335,13.99149
1,1,TMUS,T-Mobile US,reports,Communication Services,Wireless Telecommunication Services,"Bellevue, Washington",2019-07-15,1283699,1994,55.409897,43.651787
2,2,TTWO,Take-Two Interactive,reports,Communication Services,Interactive Home Entertainment,New York City,2018-03-19,946581,1993,34.053043,24.585815
3,3,T,AT&T,reports,Communication Services,Integrated Telecommunication Services,"Dallas, Texas",1983-11-30 (1957-03-04),732717,1983 (1885),0.0,9.1576605
4,4,LYV,Live Nation Entertainment,reports,Communication Services,Movies & Entertainment,"Beverly Hills, California",2019-12-23,1335258,2010,0.0,107.25
5,5,TWTR,Twitter,reports,Communication Services,Interactive Media & Services,"San Francisco, California",2018-06-07,1418091,2006,0.0,64.85185
6,6,FB,Facebook,reports,Communication Services,Interactive Media & Services,"Menlo Park, California",2013-12-23,1326801,2004,29.93574,22.985527
7,7,CHTR,Charter Communications,reports,Communication Services,Cable & Satellite,"Stamford, Connecticut",2016-09-08,1091667,1993,40.629623,25.848974
8,8,LUMN,Lumen Technologies,reports,Communication Services,Alternative Carriers,"Monroe, Louisiana",1999-03-25,18926,1983 (1877),0.0,
9,9,FOXA,Fox Corporation (Class A),reports,Communication Services,Movies & Entertainment,New York City,2013-07-01,1754301,2019,10.953516,13.416058
10,10,CMCSA,Comcast,reports,Communication Services,Cable & Satellite,"Philadelphia, Pennsylvania",2002-11-19,1166691,1963,22.996048,15.766937
11,11,OMC,Omnicom Group,reports,Communication Services,Advertising,New York City,,29989,1986,17.631927,12.405616
12,12,VZ,Verizon Communications,reports,Communication Services,Integrated Telecommunication Services,New York City,1983-11-30,732712,1983 (1877),12.358616,10.905223
13,13,GOOG,Alphabet (Class C),reports,Communication Services,Interactive Media & Services,"Mountain View, California",2006-04-03,1652044,1998,34.85941,27.474531
14,14,GOOGL,Alphabet (Class A),reports,Communication Services,Interactive Media & Services,"Mountain View, California",2014-04-03,1652044,1998,33.880863,26.736986
15,15,VIAC,ViacomCBS,reports,Communication Services,Movies & Entertainment,New York City,,813828,2019 (1952),0.0,
16,16,FOX,Fox Corporation (Class B),reports,Communication Services,Movies & Entertainment,New York City,2015-09-18,1754301,2019,10.381407,14.825533
17,17,NWS,News Corp (Class B),reports,Communication Services,Publishing,New York City,2015-09-18,1564708,2013 (1980),0.0,
18,18,NFLX,Netflix,reports,Communication Services,Movies & Entertainment,"Los Gatos, California",2010-12-20,1065280,1997,65.1416,41.532795
19,19,DISH,Dish Network,reports,Communication Services,Cable & Satellite,"Meridian, Colorado",2017-03-13,1001082,1980,10.6654625,15.202205
20,20,EA,Electronic Arts,reports,Communication Services,Interactive Home Entertainment,"Redwood City, California",2002-07-22,712515,1982,35.61928,23.4658
21,21,DISCK,Discovery (Series C),reports,Communication Services,Broadcasting,New York City,2014-08-07,1437107,1985,25.089525,8.570336
22,22,DIS,The Walt Disney Company,reports,Communication Services,Movies & Entertainment,"Burbank, California",1976-06-30,1744489,1923,0.0,36.51992
23,23,ATVI,Activision Blizzard,reports,Communication Services,Interactive Home Entertainment,"Santa Monica, California",2015-08-31,718877,2008,31.603039,21.068693
24,24,DISCA,Discovery (Series A),reports,Communication Services,Broadcasting,New York City,2010-03-01,1437107,1985,26.463741,9.067485
25,25,NWSA,News Corp (Class A),reports,Communication Services,Publishing,New York City,2013-08-01,1564708,2013 (1980),0.0,40.156254
26,26,SBUX,Starbucks,reports,Consumer Discretionary,Restaurants,"Seattle, Washington",,829224,1971,140.13298,33.048027
27,27,LEN,Lennar,reports,Consumer Discretionary,Homebuilding,"Miami, Florida",2005-10-04,920760,1954,9.034665,7.1201606
28,28,CCL,Carnival Corporation,reports,Consumer Discretionary,"Hotels, Resorts & Cruise Lines","Miami, Florida",1998-12-22,815097,1972,0.0,97.5
29,29,BKNG,Booking Holdings,reports,Consumer Discretionary,Internet & Direct Marketing Retail,"Norwalk, Connecticut",2009-11-06,1075531,1996,129.83745,23.983042
30,30,KMX,CarMax,reports,Consumer Discretionary,Specialty Stores,"Richmond, Virginia",2010-06-28,1170010,1993,29.683628,20.898754
31,31,MCD,McDonald's,reports,Consumer Discretionary,Restaurants,"Chicago, Illinois",1970-06-30,63908,1940,34.172108,24.60606
32,32,LEG,Leggett & Platt,reports,Consumer Discretionary,Home Furnishings,"Carthage, Missouri",,58492,1883,23.624413,16.552631
33,33,LVS,Las Vegas Sands,reports,Consumer Discretionary,Casinos & Gaming,"Las Vegas, Nevada",2019-10-03,1300514,1988,0.0,20.833332
34,34,MHK,Mohawk Industries,reports,Consumer Discretionary,Home Furnishings,"Calhoun, Georgia",2013-12-23,851968,1878,3.935638,13.404096
35,35,CZR,Caesars Entertainment,reports,Consumer Discretionary,Casinos & Gaming,"Reno, Nevada",2021-03-22,1590895,1973,0.0,42.933628
36,36,ROST,Ross Stores,reports,Consumer Discretionary,Apparel Retail,"Dublin, California",2009-12-21,745732,1982,50.794754,23.482954
37,37,EBAY,eBay,reports,Consumer Discretionary,Internet & Direct Marketing Retail,"San Jose, California",2002-07-22,1065088,1995,16.711132,15.243363
38,38,RL,Ralph Lauren Corporation,reports,Consumer Discretionary,"Apparel, Accessories & Luxury Goods",New York City,2007-02-02,1037038,1967,0.0,15.604054
39,39,F,Ford,reports,Consumer Discretionary,Automobile Manufacturers,"Dearborn, Michigan",1957-03-04,37996,1903,14.688128,8.295455
40,40,BWA,BorgWarner,reports,Consumer Discretionary,Auto Parts & Equipment,"Auburn Hills, Michigan",2011-12-19,908255,1880,24.469387,9.572854
41,41,LB,L Brands,reports,Consumer Discretionary,Apparel Retail,"Columbus, Ohio",1983-09-30,701985,1963,25.576668,15.563896
42,42,RCL,Royal Caribbean Group,reports,Consumer Discretionary,"Hotels, Resorts & Cruise Lines","Miami, Florida",2014-12-05,884887,1997,0.0,40.71066
43,43,LKQ,LKQ Corporation,reports,Consumer Discretionary,Distributors,"Chicago, Illinois",2016-05-23,1065696,1998,20.477337,15.193453
44,44,PHM,PulteGroup,reports,Consumer Discretionary,Homebuilding,"Atlanta, Georgia",1984-04-30,822416,1956,9.445541,6.00228
45,45,NCLH,Norwegian Cruise Line Holdings,reports,Consumer Discretionary,"Hotels, Resorts & Cruise Lines","Miami, Florida",2017-10-13,1513761,2011 (1966),0.0,72.18892
46,46,DRI,Darden Restaurants,reports,Consumer Discretionary,Restaurants,"Orlando, Florida",,940944,1938,0.0,20.701801
47,47,NVR,NVR,reports,Consumer Discretionary,Homebuilding,"Reston, Virginia",2019-09-26,906163,1980,19.829578,13.427684
48,48,DHI,D. R. Horton,reports,Consumer Discretionary,Homebuilding,"Arlington, Texas",2005-06-22,882184,1978,10.183746,7.520976
49,49,ORLY,O'Reilly Automotive,reports,Consumer Discretionary,Specialty Stores,"Springfield, Missouri",2009-03-27,898173,1957,22.267591,21.813234
50,50,MAR,Marriott International,reports,Consumer Discretionary,"Hotels, Resorts & Cruise Lines","Bethesda, Maryland",,1048286,1927,0.0,29.800636
51,51,PENN,Penn National Gaming,reports,Consumer Discretionary,Casinos & Gaming,"Wyomissing, Pennsylvania",2021-03-22,921738,1972,348.32535,25.103449
52,52,PVH,PVH,reports,Consumer Discretionary,"Apparel, Accessories & Luxury Goods",New York City,2013-02-15,78239,1881,124.92958,12.641331
53,53,ETSY,Etsy,reports,Consumer Discretionary,Internet & Direct Marketing Retail,"Brooklyn, New York",2020-09-21,1370637,2005,54.067028,50.90107
54,54,DLTR,Dollar Tree,reports,Consumer Discretionary,General Merchandise Stores,"Chesapeake, Virginia",2011-12-19,935703,1986,15.933977,14.487555
55,55,POOL,Pool Corporation,reports,Consumer Discretionary,Distributors,"Covington, Louisiana",2020-10-07,945841,1993,44.472,36.079266
56,56,CMG,Chipotle Mexican Grill,reports,Consumer Discretionary,Restaurants,"Newport Beach, California",2011-04-28,1058090,1993,113.22519,49.82886
57,57,NWL,Newell Brands,reports,Consumer Discretionary,Housewares & Specialties,"Atlanta, Georgia",1989-04-30,814453,1903,19.302986,14.28421
58,58,LOW,Lowe's,reports,Consumer Discretionary,Home Improvement Retail,"Mooresville, North Carolina",1984-02-29,60667,1904/1946/1959,21.370527,16.505898
59,59,DPZ,Domino's Pizza,reports,Consumer Discretionary,Restaurants,"Ann Arbor, Michigan",2020-05-12,1286681,1960,38.947327,32.141327
60,60,NKE,Nike,reports,Consumer Discretionary,"Apparel, Accessories & Luxury Goods","Washington County, Oregon",1988-11-30,320187,1964,75.5914,41.03807
61,61,DG,Dollar General,reports,Consumer Discretionary,General Merchandise Stores,"Goodlettsville, Tennessee",2012-12-03,29534,1939,20.274866,19.709562
62,62,EXPE,Expedia Group,reports,Consumer Discretionary,Internet & Direct Marketing Retail,"Seattle, Washington",2007-10-02,1324424,1996,0.0,28.247458
63,63,MGM,MGM Resorts International,reports,Consumer Discretionary,Casinos & Gaming,"Paradise, Nevada",2017-07-26,789570,1986,0.0,228.33331
64,64,HD,Home Depot,reports,Consumer Discretionary,Home Improvement Retail,"Atlanta, Georgia",1988-03-31,354950,1978,23.515818,21.650335
65,65,ULTA,Ulta Beauty,reports,Consumer Discretionary,Specialty Stores,"Bolingbrook, Illinois",2016-04-18,1403568,1990,109.82476,28.251034
66,66,GPC,Genuine Parts,reports,Consumer Discretionary,Specialty Stores,"Atlanta, Georgia",1973-12-31,40987,1925,353.39752,20.029518
67,67,TSCO,Tractor Supply Company,reports,Consumer Discretionary,Specialty Stores,"Brentwood, Tennessee",2014-01-24,916365,1938,25.858727,24.090322
68,68,VFC,VF Corporation,reports,Consumer Discretionary,"Apparel, Accessories & Luxury Goods","Denver, Colorado",1979-06-30,103379,1899,79.03933,22.444592
69,69,UAA,Under Armour (Class A),reports,Consumer Discretionary,"Apparel, Accessories & Luxury Goods","Baltimore, Maryland",2014-05-01,1336917,1996,81.947296,41.45569
70,70,TJX,TJX Companies,reports,Consumer Discretionary,Apparel Retail,"Framingham, Massachusetts",1985-09-30,109198,1987,55.162136,21.64457
71,71,GM,General Motors,reports,Consumer Discretionary,Automobile Manufacturers,"Detroit, Michigan",2013-06-06,1467858,1908,9.5431795,8.605532
72,72,HLT,Hilton Worldwide,reports,Consumer Discretionary,"Hotels, Resorts & Cruise Lines","Tysons Corner, Virginia",2017-06-19,1585689,1919,0.0,30.800982
73,73,TSLA,Tesla,reports,Consumer Discretionary,Automobile Manufacturers,"Palo Alto, California",2020-12-21,1318605,2003,680.6012,109.202576
74,74,AMZN,Amazon,reports,Consumer Discretionary,Internet & Direct Marketing Retail,"Seattle, Washington",2005-11-18,1018724,1994,70.63259,51.29304
75,75,AZO,AutoZone,reports,Consumer Discretionary,Specialty Stores,"Memphis, Tennessee",1997-01-02,866787,1979,17.28313,17.1788
76,76,HAS,Hasbro,reports,Consumer Discretionary,Leisure Products,"Pawtucket, Rhode Island",1984-09-30,46080,1923,33.115307,19.10895
77,77,AAP,Advance Auto Parts,reports,Consumer Discretionary,Automotive Retail,"Raleigh, North Carolina",2015-07-09,1158449,1932,22.707058,17.297873
78,78,TPR,Tapestry,reports,Consumer Discretionary,"Apparel, accessories & Luxury Goods",New York City,,1116132,2017,35.210743,13.397799
79,79,WHR,Whirlpool Corporation,reports,Consumer Discretionary,Household Appliances,"Benton Harbor, Michigan",,106640,1911,10.434782,9.6580305
80,80,WYNN,Wynn Resorts,reports,Consumer Discretionary,Casinos & Gaming,"Paradise, Nevada",2008-11-14,1174922,2002,0.0,76.13513
81,81,YUM,Yum! Brands,reports,Consumer Discretionary,Restaurants,"Louisville, Kentucky",1997-10-06,1041061,1997,31.44156,25.012766
82,82,UA,Under Armour (Class C),reports,Consumer Discretionary,"Apparel, Accessories & Luxury Goods","Baltimore, Maryland",2016-04-08,1336917,1996,72.51938,40.673912
83,83,HBI,Hanesbrands,reports,Consumer Discretionary,"Apparel, Accessories & Luxury Goods","Winston-Salem, North Carolina",2015-03-20,1359841,2000,0.0,11.148809
84,84,GPS,Gap,reports,Consumer Discretionary,Apparel Retail,"San Francisco, California",1986-08-31,39911,1969,27.980852,14.680366
85,85,BBY,Best Buy,reports,Consumer Discretionary,Computer & Electronics Retail,"Richfield, Minnesota",1999-06-29,764478,1966,13.058617,13.104706
86,86,TGT,Target Corporation,reports,Consumer Discretionary,General Merchandise Stores,"Minneapolis, Minnesota",1976-12-31,27419,1902,20.627857,20.794239
87,87,STZ,Constellation Brands,reports,Consumer Staples,Distillers & Vintners,"Victor, New York",2005-07-01,16918,1945,22.087168,19.425043
88,88,PEP,PepsiCo,reports,Consumer Staples,Soft Drinks,"Purchase, New York",1957-03-04,77476,1898,28.172083,23.163712
89,89,EL,Estée Lauder Companies,reports,Consumer Staples,Personal Products,New York City,2006-01-05,1001250,1946,84.94043,44.932774
90,90,CAG,Conagra Brands,reports,Consumer Staples,Packaged Foods & Meats,"Chicago, Illinois",1983-08-31,23217,1919,14.389299,13.295056
91,91,CL,Colgate-Palmolive,reports,Consumer Staples,Household Products,New York City,1957-03-04,21665,1806,26.713827,23.669516
92,92,SYY,Sysco,reports,Consumer Staples,Food Distributors,"Houston, Texas",1986-12-31,96021,1969,0.0,22.448795
93,93,MKC,McCormick & Company,reports,Consumer Staples,Packaged Foods & Meats,"Hunt Valley, Maryland",,63754,1889,30.42973,27.338606
94,94,SJM,JM Smucker,reports,Consumer Staples,Packaged Foods & Meats,"Orrville, Ohio",2008-11-06,91419,1897,16.734276,14.215921
95,95,MO,Altria Group,reports,Consumer Staples,Tobacco,"Richmond, Virginia",1957-03-04,764180,1985,20.312054,9.823112
96,96,HSY,The Hershey Company,reports,Consumer Staples,Packaged Foods & Meats,"Hershey, Pennsylvania",1957-03-04,47111,1894,26.25149,24.232143
97,97,WMT,Walmart,reports,Consumer Staples,Hypermarkets & Super Centers,"Bentonville, Arkansas",1982-08-31,104169,1962,32.523148,22.444088
98,98,PM,Philip Morris International,reports,Consumer Staples,Tobacco,New York City,2008-03-31,1413329,2008 (1847),17.743275,14.625
99,99,WBA,Walgreens Boots Alliance,reports,Consumer Staples,Drug Retail,"Deerfield, Illinois",1979-12-31,1618921,2014,0.0,9.218147
100,100,MNST,Monster Beverage,reports,Consumer Staples,Soft Drinks,"Corona, California",2012-06-28,865752,2012 (1935),33.84587,30.495016
101,101,MDLZ,Mondelez International,reports,Consumer Staples,Packaged Foods & Meats,"Chicago, Illinois",2012-10-02,1103982,2012,23.984848,20.294872
102,102,TAP,Molson Coors Beverage Company,reports,Consumer Staples,Brewers,"Chicago, Illinois",1976-06-30,24545,"2005 (Molson 1786, Coors 1873)",0.0,12.531915
103,103,HRL,Hormel,reports,Consumer Staples,Packaged Foods & Meats,"Austin, Minnesota",2009-03-04,48465,1891,29.206789,24.902632
104,104,COST,Costco,reports,Consumer Staples,Hypermarkets & Super Centers,"Issaquah, Washington",1993-10-01,909832,1976,41.653797,37.063923
105,105,CLX,Clorox,reports,Consumer Staples,Household Products,"Oakland, California",1969-03-31,21076,1913,24.997915,23.395319
106,106,KO,Coca-Cola Company,reports,Consumer Staples,Soft Drinks,"Atlanta, Georgia",1957-03-04,21344,1886,32.994553,23.34784
107,107,ADM,ADM,reports,Consumer Staples,Agricultural Products,"Chicago, Illinois",1981-07-29,7084,1902,16.313501,13.494383
108,108,KR,Kroger,reports,Consumer Staples,Food Retail,"Cincinnati, Ohio",1957-03-04,56873,1883,19.97408,12.674342
109,109,KHC,Kraft Heinz,reports,Consumer Staples,Packaged Foods & Meats,"Chicago, Illinois; Pittsburgh, Pennsylvania",2015-07-06,1637459,2015 (1869),90.011314,14.956766
110,110,LW,Lamb Weston,reports,Consumer Staples,Packaged Foods & Meats,"Eagle, Idaho",2018-12-03,1679273,2016 (1950),46.403507,25.432693
111,111,BF.B,Brown–Forman,reports,Consumer Staples,Distillers & Vintners,"Louisville, Kentucky",1982-10-31,14693,1870,0.0,0.0
112,112,KMB,Kimberly-Clark,reports,Consumer Staples,Household Products,"Irving, Texas",1957-03-04,55785,1872,20.24295,17.021437
113,113,GIS,General Mills,reports,Consumer Staples,Packaged Foods & Meats,"Golden Valley, Minnesota",1969-03-31,40704,1856,14.411265,16.0
114,114,K,Kellogg's,reports,Consumer Staples,Packaged Foods & Meats,"Battle Creek, Michigan",1989-09-11,55067,1906,17.303522,15.202381
115,115,PG,Procter & Gamble,reports,Consumer Staples,Personal Products,"Cincinnati, Ohio",1957-03-04,80424,1837,25.205,23.040337
116,116,TSN,Tyson Foods,reports,Consumer Staples,Packaged Foods & Meats,"Springdale, Arkansas",,100493,1935,12.567544,11.287481
117,117,CHD,Church & Dwight,reports,Consumer Staples,Household Products,"Ewing, New Jersey",2015-12-29,313927,1847,27.990261,26.363914
118,118,CPB,Campbell Soup,reports,Consumer Staples,Packaged Foods & Meats,"Camden, New Jersey",1957-03-04,16732,1869,16.975168,14.745098
119,119,CVX,Chevron Corporation,reports,Energy,Integrated Oil & Gas,"San Ramon, California",1957-03-04,93410,1879,0.0,16.623606
120,120,MPC,Marathon Petroleum,reports,Energy,Oil & Gas Refining & Marketing,"Findlay, Ohio",2011-07-01,1510295,2009 (1887),0.0,20.138887
121,121,HAL,Halliburton,reports,Energy,Oil & Gas Equipment & Services,"Houston, Texas",1957-03-04,45012,1919,0.0,15.90078
122,122,WMB,Williams Companies,reports,Energy,Oil & Gas Storage & Transportation,"Tulsa, Oklahoma",1975-03-31,107263,1908,27.943037,21.536585
123,123,XOM,ExxonMobil,reports,Energy,Integrated Oil & Gas,"Irving, Texas",1957-03-04,34088,1999,0.0,13.58352
124,124,FANG,Diamondback Energy,reports,Energy,Oil & Gas Exploration & Production,"Midland, Texas",2018-12-03,1539838,2007,0.0,8.787317
125,125,HES,Hess Corporation,reports,Energy,Integrated Oil & Gas,New York City,1984-05-31,4447,1919,0.0,25.269463
126,126,DVN,Devon Energy,reports,Energy,Oil & Gas Exploration & Production,"Oklahoma City, Oklahoma",2000-08-30,1090012,1971,0.0,9.325807
127,127,BKR,Baker Hughes,reports,Energy,Oil & Gas Equipment & Services,"Houston, Texas",2017-07-07,1701605,2017,0.0,
128,128,EOG,EOG Resources,reports,Energy,Oil & Gas Exploration & Production,"Houston, Texas",2000-11-02,821189,1999,0.0,14.493913
129,129,PSX,Phillips 66,reports,Energy,Oil & Gas Refining & Marketing,"Houston, Texas",2012-05-01,1534701,2012 (1917),0.0,12.017595
130,130,COG,Cabot Oil & Gas,reports,Energy,Oil & Gas Exploration & Production,"Houston, Texas",2008-06-23,858470,1989,26.294117,12.163264
131,131,NOV,Nov,reports,Energy,Oil & Gas Equipment & Services,"Houston, Texas",2005-03-14,1021860,1841,0.0,71.21429
132,132,APA,APA Corporation,reports,Energy,Oil & Gas Exploration & Production,"Houston, Texas",1997-07-28,6769,1954,970.87616,8.864522
133,133,SLB,Schlumberger,reports,Energy,Oil & Gas Equipment & Services,"Curaçao, Kingdom of the Netherlands",1965-03-31,87347,1926,0.0,19.484276
134,134,KMI,Kinder Morgan,reports,Energy,Oil & Gas Storage & Transportation,"Houston, Texas",2012-05-25,1506307,1997,23.038607,20.108696
135,135,OXY,Occidental Petroleum,reports,Energy,Oil & Gas Exploration & Production,"Houston, Texas",1982-12-31,797468,1920,0.0,-68.22727
136,136,VLO,Valero Energy,reports,Energy,Oil & Gas Refining & Marketing,"San Antonio, Texas",,1035002,1980,0.0,12.929218
137,137,OKE,Oneok,reports,Energy,Oil & Gas Storage & Transportation,"Tulsa, Oklahoma",2010-03-15,1039684,1906,21.944338,16.31322
138,138,COP,ConocoPhillips,reports,Energy,Oil & Gas Exploration & Production,"Houston, Texas",1957-03-04,1163165,2002,9905.0,15.396374
139,139,MRO,Marathon Oil,reports,Energy,Oil & Gas Exploration & Production,"Houston, Texas",1991-05-01,101778,1887,0.0,19.144928
140,140,PXD,Pioneer Natural Resources,reports,Energy,Oil & Gas Exploration & Production,"Irving, Texas",2008-09-24,1038357,1997,0.0,9.710055
141,141,BEN,Franklin Resources,reports,Financials,Asset Management & Custody Banks,"San Mateo, California",,38777,1947,14.758139,9.17052
142,142,MTB,M&T Bank,reports,Financials,Regional Banks,"Buffalo, New York",2004-02-23,36270,1856,12.5718565,11.972292
143,143,MET,MetLife,reports,Financials,Life & Health Insurance,New York City,,1099219,1868,10.46655,8.492857
144,144,FITB,Fifth Third Bancorp,reports,Financials,Regional Banks,"Cincinnati, Ohio",,35527,1858,14.081559,11.866874
145,145,ZION,Zions Bancorp,reports,Financials,Regional Banks,"Salt Lake City, Utah",2001-06-22,109380,1873,10.648506,12.069124
146,146,KEY,KeyCorp,reports,Financials,Regional Banks,"Cleveland, Ohio",1994-03-01,91576,1825,11.538462,10.3553295
147,147,FRC,First Republic Bank,reports,Financials,Regional Banks,"San Francisco, California",2019-01-02,1132979,1985,30.749765,25.434109
148,148,LNC,Lincoln National,reports,Financials,Multi-line Insurance,"Radnor, Pennsylvania",1976-06-30,59558,1905,18.313253,5.856881
149,149,MMC,Marsh & McLennan,reports,Financials,Insurance Brokers,New York City,1987-08-31,62709,1905,32.40914,23.092833
150,150,IVZ,Invesco,reports,Financials,Asset Management & Custody Banks,"Atlanta, Georgia",2008-08-21,914208,1935,17.605755,9.094324
151,151,MKTX,MarketAxess,reports,Financials,Financial Exchanges & Data,New York City,2019-07-01,1278021,2000,57.16,50.978817
152,152,L,Loews Corporation,reports,Financials,Multi-line Insurance,New York City,,60086,1959,0.0,18.999998
153,153,JPM,JPMorgan Chase,reports,Financials,Diversified Banks,New York City,1975-06-30,19617,2000 (1799 / 1871),12.442294,13.115385
154,154,HIG,The Hartford,reports,Financials,Property & Casualty Insurance,"Hartford, Connecticut",1957-03-04,874766,1810,13.452431,9.455022
155,155,GL,Globe Life,reports,Financials,Life & Health Insurance,"McKinney, Texas",1989-04-30,320335,1900,13.816984,12.400788
156,156,ICE,Intercontinental Exchange,reports,Financials,Financial Exchanges & Data,"Atlanta, Georgia",2007-09-26,1571949,2000,31.654648,22.531368
157,157,GS,Goldman Sachs,reports,Financials,Investment Banking & Brokerage,New York City,2002-07-22,886982,1869,9.465696,10.597053
158,158,CMA,Comerica,reports,Financials,Diversified Banks,"Dallas, Texas",1995-12-01,28412,1849,11.267101,13.077505
159,159,MCO,Moody's Corporation,reports,Financials,Financial Exchanges & Data,New York City,,1059556,1909,34.994404,30.864199
160,160,SPGI,S&P Global,reports,Financials,Financial Exchanges & Data,New York City,,64040,1917,40.34751,29.42211
161,161,STT,State Street Corporation,reports,Financials,Asset Management & Custody Banks,"Boston, Massachusetts",,93751,1792,13.935749,10.54738
162,162,BLK,BlackRock,reports,Financials,Asset Management & Custody Banks,New York City,2011-04-04,1364742,1988,26.36548,21.207924
163,163,SYF,Synchrony Financial,reports,Financials,Consumer Finance,"Stamford, Connecticut",2015-11-18,1601712,2003,13.957279,9.179297
164,164,BRK.B,Berkshire Hathaway,reports,Financials,Multi-Sector Holdings,"Omaha, Nebraska",2010-02-16,1067983,1839,0.0,
165,165,TROW,T. Rowe Price,reports,Financials,Asset Management & Custody Banks,"Baltimore, Maryland",,1113169,1937,17.686396,16.20817
166,166,BK,BNY Mellon,reports,Financials,Asset Management & Custody Banks,New York City,1995-03-31,1390777,1784,13.416911,11.079295
167,167,BAC,Bank of America,reports,Financials,Diversified Banks,"Charlotte, North Carolina",1976-06-30,70858,1998 (1923 / 1874),17.236052,13.038961
168,168,AIZ,Assurant,reports,Financials,Multi-line Insurance,New York City,2007-04-10,1267238,1892,21.90078,12.892535
169,169,AJG,Arthur J. Gallagher & Co.,reports,Financials,Insurance Brokers,"Rolling Meadows, Illinois",2016-05-31,354190,1927,32.281807,25.742672
170,170,TRV,The Travelers Companies,reports,Financials,Property & Casualty Insurance,New York City,2002-08-21,86312,1853,13.900742,12.521988
171,171,TFC,Truist Financial,reports,Financials,Regional Banks,"Charlotte, North Carolina",1997-12-04,92230,1872,0.0,
172,172,USB,U.S. Bancorp,reports,Financials,Diversified Banks,"Minneapolis, Minnesota",,36104,1968,15.146477,13.132723
173,173,AMP,Ameriprise Financial,reports,Financials,Asset Management & Custody Banks,"Minneapolis, Minnesota",2005-10-03,820027,1894,0.0,10.875326
174,174,UNM,Unum Group,reports,Financials,Life & Health Insurance,"Chattanooga, Tennessee",1994-03-01,5513,1999,7.290205,5.196296
175,175,AIG,American International Group,reports,Financials,Property & Casualty Insurance,New York City,1980-03-31,5272,1919,0.0,9.24364
176,176,AXP,American Express,reports,Financials,Consumer Finance,New York City,1976-06-30,4962,1850,28.467464,18.898804
177,177,ALL,Allstate Corp,reports,Financials,Property & Casualty Insurance,"Northfield Township, Illinois",1995-07-13,899051,1931,11.818582,10.130467
178,178,WRB,W. R. Berkley Corporation,reports,Financials,Property & Casualty Insurance,"Greenwich, Connecticut",2019-12-05,11544,1967,18.733398,17.040268
179,179,WFC,Wells Fargo,reports,Financials,Diversified Banks,"San Francisco, California",1976-06-30,72971,1852,30.231802,12.329833
180,180,AFL,Aflac,reports,Financials,Life & Health Insurance,"Columbus, Georgia",1999-05-28,4977,1955,6.912993,10.464981
181,181,COF,Capital One Financial,reports,Financials,Consumer Finance,"Tysons Corner, Virginia",1998-07-01,927628,1994,10.756961,10.120541
182,182,RF,Regions Financial Corporation,reports,Financials,Regional Banks,"Birmingham, Alabama",1998-08-28,1281761,1971,13.122945,10.131979
183,183,SIVB,SVB Financial,reports,Financials,Regional Banks,"Santa Clara, California",2018-03-19,719739,1983,19.262417,22.772373
184,184,PBCT,People's United Financial,reports,Financials,Thrifts & Mortgage Finance,"Bridgeport, Connecticut",2008-11-13,1378946,1842,32.19787,12.610832
185,185,MS,Morgan Stanley,reports,Financials,Investment Banking & Brokerage,New York City,,895421,1935,12.201439,13.325714
186,186,MSCI,MSCI,reports,Financials,Financial Exchanges & Data,New York City,2018-04-04,1408198,1969,71.972374,51.579094
187,187,NDAQ,Nasdaq,reports,Financials,Financial Exchanges & Data,New York City,2008-10-22,1120193,1971,29.071543,24.728907
188,188,DFS,Discover Financial Services,reports,Financials,Consumer Finance,"Riverwoods, Illinois",2007-07-02,1393612,1985,14.328687,10.881725
189,189,NTRS,Northern Trust,reports,Financials,Asset Management & Custody Banks,"Chicago, Illinois",,73124,1889,20.691744,15.811989
190,190,RJF,Raymond James Financial,reports,Financials,Investment Banking & Brokerage,"St. Petersburg, Florida",2017-03-20,720005,1962,17.913717,14.421505
191,191,CME,CME Group,reports,Financials,Financial Exchanges & Data,"Chicago, Illinois",2006-08-11,1156375,1848,39.302063,28.461956
192,192,CFG,Citizens Financial Group,reports,Financials,Regional Banks,"Providence, Rhode Island",2016-01-29,759944,1828,12.815834,10.665888
193,193,C,Citigroup,reports,Financials,Diversified Banks,New York City,1988-05-31,831001,1998,9.510495,8.412864
194,194,PNC,PNC Financial Services,reports,Financials,Regional Banks,"Pittsburgh, Pennsylvania",1988-04-30,713676,1845,9.976476,14.011747
195,195,CINF,Cincinnati Financial,reports,Financials,Property & Casualty Insurance,"Fairfield, Ohio",1997-12-18,20286,1950,6.348255,26.538801
196,196,HBAN,Huntington Bancshares,reports,Financials,Regional Banks,"Columbus, Ohio",,49196,1866,12.618214,10.219858
197,197,PFG,Principal Financial Group,reports,Financials,Life & Health Insurance,"Des Moines, Iowa",2002-07-22,1126328,1879,10.6267,9.108601
198,198,PRU,Prudential Financial,reports,Financials,Life & Health Insurance,"Newark, New Jersey",2002-07-22,1137774,1875,15.085451,7.8084617
199,199,CBOE,Cboe Global Markets,reports,Financials,Financial Exchanges & Data,"Chicago, Illinois",2017-03-01,1374310,1973,25.855104,24.23251
200,200,PGR,Progressive Corporation,reports,Financials,Property & Casualty Insurance,"Mayfield Village, Ohio",1997-08-04,80661,1937,9.004364,16.986279
201,201,SCHW,Charles Schwab Corporation,reports,Financials,Investment Banking & Brokerage,"Westlake, Texas",1997-06-02,316709,1971,30.877909,20.746376
202,202,IQV,IQVIA,reports,Health Care,Life Sciences Tools & Services,"Durham, North Carolina",2017-08-29,1478242,1982,118.13334,25.160244
203,203,VTRS,Viatris,reports,Health Care,Pharmaceuticals,"Pittsburgh, Pennsylvania",2004-04-23,1792044,1961,0.0,
204,204,MCK,McKesson Corporation,reports,Health Care,Health Care Distributors,"Irving, Texas",,927653,1833,0.0,10.036605
205,205,ISRG,Intuitive Surgical,reports,Health Care,Health Care Equipment,"Sunnyvale, California",2008-06-02,1035267,1995,98.724266,60.734173
206,206,MRK,Merck & Co.,reports,Health Care,Pharmaceuticals,"Kenilworth, New Jersey",1957-03-04,310158,1891,27.964968,11.592066
207,207,REGN,Regeneron Pharmaceuticals,reports,Health Care,Biotechnology,"Tarrytown, New York",2013-05-01,872589,1988,16.374119,14.3546295
208,208,WST,West Pharmaceutical Services,reports,Health Care,Health Care Supplies,"Exton, Pennsylvania",2020-05-22,105770,1923,67.3186,48.116814
209,209,ZBH,Zimmer Biomet,reports,Health Care,Health Care Equipment,"Warsaw, Indiana",2001-08-07,1136869,1927,58.11812,18.064993
210,210,INCY,Incyte,reports,Health Care,Biotechnology,"Wilmington, Delaware",2017-02-28,879169,1991,37.230625,18.044443
211,211,ILMN,Illumina,reports,Health Care,Life Sciences Tools & Services,"San Diego, California",2015-11-19,1110803,1998,113.02335,67.18611
212,212,WAT,Waters Corporation,reports,Health Care,Health Care Distributors,"Milford, Massachusetts",,1000697,1958,37.36962,33.578255
213,213,VRTX,Vertex Pharmaceuticals,reports,Health Care,Biotechnology,"Cambridge, Massachusetts",2013-09-23,875320,1989,18.879993,15.934835
214,214,DGX,Quest Diagnostics,reports,Health Care,Health Care Services,"Secaucus, New Jersey",2002-12-12,1022079,1967,10.265174,16.95426
215,215,UHS,Universal Health Services,reports,Health Care,Health Care Facilities,"King of Prussia, Pennsylvania",2014-09-20,352915,1979,13.036804,12.549387
216,216,JNJ,Johnson & Johnson,reports,Health Care,Pharmaceuticals,"New Brunswick, New Jersey",1973-06-30,200406,1886,29.899311,16.243761
217,217,OGN,Organon & Co.,reports,Health Care,Pharmaceuticals,"Jersey City, New Jersey",2021-06-03,1821825,2021,0.0,
218,218,UNH,UnitedHealth Group,reports,Health Care,Managed Health Care,"Minnetonka, Minnesota",1994-07-01,731766,1977,23.71873,19.521057
219,219,PKI,PerkinElmer,reports,Health Care,Health Care Equipment,"Waltham, Massachusetts",1985-05-31,31791,1937,16.080614,24.926256
220,220,IDXX,Idexx Laboratories,reports,Health Care,Health Care Equipment,"Westbrook, Maine",2017-01-05,874716,1983,85.0933,72.66593
221,221,PFE,Pfizer,reports,Health Care,Pharmaceuticals,New York City,1957-03-04,78003,1849,20.083588,11.458093
222,222,LH,LabCorp,reports,Health Care,Health Care Services,"Burlington, North Carolina",2004-11-01,920148,1978,10.439875,17.581089
223,223,TMO,Thermo Fisher Scientific,reports,Health Care,Life Sciences Tools & Services,"Waltham, Massachusetts",2004-08-03,97745,2006 (1902),25.851156,26.02533
224,224,TFX,Teleflex,reports,Health Care,Health Care Equipment,"Wayne, Pennsylvania",2019-01-18,96943,1943,70.8537,28.018122
225,225,SYK,Stryker Corporation,reports,Health Care,Health Care Equipment,"Kalamazoo, Michigan",2000-12-12,310764,1941,71.57317,25.54207
226,226,MTD,Mettler Toledo,reports,Health Care,Life Sciences Tools & Services,"Columbus, Ohio",2016-09-06,1037646,1945,52.54554,41.01806
227,227,RMD,ResMed,reports,Health Care,Health Care Equipment,"San Diego, California",2017-07-26,943819,1989,79.38638,45.163635
228,228,LLY,Eli Lilly & Co,reports,Health Care,Pharmaceuticals,"Indianapolis, Indiana",1970-12-31,59478,1876,35.115273,27.275581
229,229,ZTS,Zoetis,reports,Health Care,Pharmaceuticals,"Parsippany, New Jersey",2013-06-21,1555280,1952,53.582207,39.209072
230,230,ABC,AmerisourceBergen,reports,Health Care,Health Care Distributors,"Chesterbrook, Pennsylvania",2001-08-30,1140859,1985,0.0,10.981905
231,231,CVS,CVS Health,reports,Health Care,Health Care Services,"Woonsocket, Rhode Island",1957-03-04,64803,1996,14.648264,9.921593
232,232,CI,Cigna,reports,Health Care,Managed Health Care,"Bloomfield, Connecticut",1976-06-30,1739940,1982,10.1667595,10.231401
233,233,AMGN,Amgen,reports,Health Care,Biotechnology,"Thousand Oaks, California",1992-01-02,318154,1980,20.354345,13.759127
234,234,HCA,HCA Healthcare,reports,Health Care,Health Care Facilities,"Nashville, Tennessee",2015-01-27,860730,1968,16.428411,14.434998
235,235,ANTM,Anthem,reports,Health Care,Managed Health Care,"Indianapolis, Indiana",2002-07-25,1156039,2014 (1946),21.428501,14.1476555
236,236,CTLT,Catalent,reports,Health Care,Pharmaceuticals,"Somerset, New Jersey",2020-09-21,1596783,2007,38.379612,33.13889
237,237,DHR,Danaher Corporation,reports,Health Care,Health Care Equipment,"Washington, D.C.",,313616,1969,43.634933,30.59251
238,238,HUM,Humana,reports,Health Care,Managed Health Care,"Louisville, Kentucky",,49071,1961,16.31891,18.667614
239,239,DXCM,DexCom,reports,Health Care,Health Care Equipment,"San Diego, California",2020-05-12,1093557,1999,85.20077,133.17418
240,240,BAX,Baxter International,reports,Health Care,Health Care Equipment,"Deerfield, Illinois",1972-09-30,10456,1931,39.130436,20.199501
241,241,BDX,Becton Dickinson,reports,Health Care,Health Care Equipment,"Franklin Lakes, New Jersey",1972-09-30,10795,1897,44.281895,19.013773
242,242,BIO,Bio-Rad Laboratories,reports,Health Care,Life Sciences Tools & Services,"Hercules, California",2020-06-22,12208,1952,4.960404,53.279053
243,243,BIIB,Biogen,reports,Health Care,Biotechnology,"Cambridge, Massachusetts",2003-11-13,875045,1978,18.16266,16.700472
244,244,COO,The Cooper Companies,reports,Health Care,Health Care Supplies,"San Ramon, California",2016-09-23,711404,1958,8.6013565,27.734556
245,245,GILD,Gilead Sciences,reports,Health Care,Biotechnology,"Foster City, California",2004-07-01,882095,1987,284.5,10.283133
246,246,BSX,Boston Scientific,reports,Health Care,Health Care Equipment,"Marlborough, Massachusetts[4]",1995-02-24,885725,1979,307.34042,23.55163
247,247,BMY,Bristol-Myers Squibb,reports,Health Care,Health Care Distributors,New York City,1957-03-04,14272,1989,0.0,8.425
248,248,HSIC,Henry Schein,reports,Health Care,Health Care Distributors,"Melville, New York",2015-03-17,1000228,1932,25.109156,17.67431
249,249,ABT,Abbott Laboratories,reports,Health Care,Health Care Equipment,"North Chicago, Illinois",1964-03-31,1800,1888,37.185837,25.573277
250,250,ABBV,AbbVie,reports,Health Care,Pharmaceuticals,"North Chicago, Illinois",2012-12-31,1551152,2013 (1888),40.315,8.406413
251,251,ABMD,Abiomed,reports,Health Care,Health Care Equipment,"Danvers, Massachusetts",2018-05-31,815094,1981,65.11741,61.50669
252,252,A,Agilent Technologies,reports,Health Care,Health Care Equipment,"Santa Clara, California",2000-06-05,1090872,1999,49.862873,32.34056
253,253,XRAY,Dentsply Sirona,reports,Health Care,Health Care Supplies,"Charlotte, North Carolina",2008-11-14,818479,2016 (1969),79.479034,19.485981
254,254,CNC,Centene Corporation,reports,Health Care,Managed Health Care,"St. Louis, Missouri",2016-03-30,1071739,1984,17.93647,13.152364
255,255,DVA,DaVita,reports,Health Care,Health Care Facilities,"Denver, Colorado",2008-07-31,927066,1979,19.081776,12.858333
256,256,CAH,Cardinal Health,reports,Health Care,Health Care Distributors,"Dublin, Ohio",1997-05-27,721371,1971,14.738864,9.300485
257,257,ALXN,Alexion Pharmaceuticals,reports,Health Care,Pharmaceuticals,"Boston, Massachusetts",2012-05-25,899866,1992,60.168777,12.936498
258,258,ALGN,Align Technology,reports,Health Care,Health Care Supplies,"San Jose, California",2017-06-19,1097149,1997,110.72879,50.246456
259,259,HOLX,Hologic,reports,Health Care,Health Care Equipment,"Marlborough, Massachusetts",2016-03-30,859737,1985,9.435595,16.596619
260,260,CERN,Cerner,reports,Health Care,Health Care Technology,"North Kansas City, Missouri",2010-04-30,804753,1979,30.719755,22.104681
261,261,EW,Edwards Lifesciences,reports,Health Care,Health Care Equipment,"Irvine, California",2011-04-01,1099800,1958,78.806526,42.18651
262,262,CRL,Charles River Laboratories,reports,Health Care,Life Sciences Tools & Services,"Wilmington, Massachusetts",2021-05-14,1100682,1947,51.890278,33.343803
263,263,PWR,Quanta Services,reports,Industrials,Construction & Engineering,"Houston, Texas",2009-07-01,1050915,1997,26.273998,18.17505
264,264,CTAS,Cintas Corporation,reports,Industrials,Diversified Support Services,"Mason, Ohio",2001-03-01,723254,1929,42.763245,38.19013
265,265,HII,Huntington Ingalls Industries,reports,Industrials,Aerospace & Defense,"Newport News, Virginia",2018-01-03,1501585,2011,12.366338,14.103574
266,266,ODFL,Old Dominion Freight Line,reports,Industrials,Trucking,"Thomasville, North Carolina",2019-12-09,878927,1934,41.047176,29.264772
267,267,PH,Parker-Hannifin,reports,Industrials,Industrial Machinery,"Cleveland, Ohio",1985-11-30,76334,1917,26.512093,18.31448
268,268,PCAR,Paccar,reports,Industrials,Construction Machinery & Heavy Trucks,"Bellevue, Washington",1980-12-31,75362,1905,21.96996,12.601695
269,269,OTIS,Otis Worldwide,reports,Industrials,Industrial Machinery,"Farmington, Connecticut",2020-04-03,1781335,2020 (1853),0.0,
270,270,CSX,CSX,reports,Industrials,Railroads,"Jacksonville, Florida",1967-09-30,277948,1980,9.036554,6.4294353
271,271,CMI,Cummins,reports,Industrials,Industrial Machinery,"Columbus, Indiana",1965-03-31,26172,1919,19.30991,13.10611
272,272,DE,Deere & Co.,reports,Industrials,Agricultural & Farm Machinery,"Moline, Illinois",1957-03-04,315189,1837,24.493141,17.062849
273,273,NOC,Northrop Grumman,reports,Industrials,Aerospace & Defense,"West Falls Church, Virginia",1985-06-30,1133421,"1994 (Northrop 1939, Grumman 1930)",13.7409315,14.575586
274,274,DAL,Delta Air Lines,reports,Industrials,Airlines,"Atlanta, Georgia",2013-09-11,27904,1929,0.0,10.350491
275,275,NSC,Norfolk Southern,reports,Industrials,Railroads,"Norfolk, Virginia",1957-03-04,702165,1881/1894 (1980),29.02458,20.088121
276,276,NLSN,Nielsen Holdings,reports,Industrials,Research & Consulting Services,New York City,2013-07-09,1492633,1923,14.830561,13.994185
277,277,CPRT,Copart,reports,Industrials,Diversified Support Services,"Dallas, Texas",2018-07-02,900075,1982,39.307014,35.21628
278,278,CAT,Caterpillar,reports,Industrials,Construction Machinery & Heavy Trucks,"Deerfield, Illinois",1957-03-04,18230,1925,34.89127,18.169025
279,279,SNA,Snap-on,reports,Industrials,Industrial Machinery,"Kenosha, Wisconsin",1982-09-30,91440,1920,18.193497,16.128115
280,280,CARR,Carrier Global,reports,Industrials,Building Products,"Palm Beach Gardens, Florida",2020-04-03,1783180,2020 (1915),0.0,
281,281,XYL,Xylem,reports,Industrials,Industrial Machinery,"White Plains, New York",2011-11-01,1524472,2011,72.8982,37.115852
282,282,WM,Waste Management,reports,Industrials,Environmental & Facilities Services,"Houston, Texas",,823768,1968,39.153004,26.29358
283,283,ALK,Alaska Air Group,reports,Industrials,Airlines,"Seattle, Washington",2016-05-13,766421,1985,0.0,12.115464
284,284,WAB,Wabtec,reports,Industrials,Construction Machinery & Heavy Trucks,"Pittsburgh, Pennsylvania",2019-02-27,943452,1999 (1869),38.107243,17.322916
285,285,AAL,American Airlines Group,reports,Industrials,Airlines,"Fort Worth, Texas",2015-03-23,6201,1934,0.0,-292.5714
286,286,VRSK,Verisk Analytics,reports,Industrials,Research & Consulting Services,"Jersey City, New Jersey",2015-10-08,1442145,1971,41.627907,30.442177
287,287,URI,United Rentals,reports,Industrials,Trading Companies & Distributors,"Stamford, Connecticut",2014-09-20,1067701,1997,25.178085,13.371051
288,288,UPS,United Parcel Service,reports,Industrials,Air Freight & Logistics,"Sandy Springs, Georgia",2002-07-22,1090727,1907,36.1346,18.527195
289,289,UAL,United Airlines,reports,Industrials,Airlines,"Chicago, Illinois",2015-09-03,100517,1967,0.0,20.814348
290,290,UNP,Union Pacific,reports,Industrials,Railroads,"Omaha, Nebraska",1957-03-04,100885,1862,28.606184,20.316175
291,291,AME,Ametek,reports,Industrials,Electrical Components & Equipment,"Berwyn, Pennsylvania",2013-09-23,1037868,1930,38.977375,26.628181
292,292,RTX,Raytheon Technologies,reports,Industrials,Aerospace & Defense,"Waltham, Massachusetts",,101829,1922,0.0,
293,293,AOS,A. O. Smith,reports,Industrials,Building Products,"Milwaukee, Wisconsin",2017-07-26,91142,1916,29.637651,23.48515
294,294,TXT,Textron,reports,Industrials,Aerospace & Defense,"Providence, Rhode Island",1978-12-31,217346,1923,36.114956,18.047873
295,295,TDY,Teledyne Technologies,reports,Industrials,Aerospace & Defense,"Thousand Oaks, California",2020-06-22,1094285,1960,40.08241,27.63073
296,296,BA,Boeing Company,reports,Industrials,Aerospace & Defense,"Chicago, Illinois",1957-03-04,12927,1916,0.0,42.234432
297,297,SWK,Stanley Black & Decker,reports,Industrials,Industrial Machinery,"New Britain, Connecticut",1982-09-30,93556,1843,21.376472,17.347897
298,298,LUV,Southwest Airlines,reports,Industrials,Airlines,"Dallas, Texas",1994-07-01,92380,1967,0.0,16.825808
299,299,CHRW,C. H. Robinson,reports,Industrials,Air Freight & Logistics,"Eden Prairie, Minnesota",2007-03-02,1043277,1905,20.882818,18.31485
300,300,ROP,Roper Technologies,reports,Industrials,Industrial Conglomerates,"Sarasota, Florida",2009-12-23,882835,1981,50.995655,29.87205
301,301,ROL,Rollins,reports,Industrials,Environmental & Facilities Services,"Atlanta, Georgia",2018-10-01,84839,1948,56.11111,51.23188
302,302,ROK,Rockwell Automation,reports,Industrials,Electrical Components & Equipment,"Milwaukee, Wisconsin",,1024478,1903,21.565449,29.735773
303,303,RHI,Robert Half International,reports,Industrials,Human Resource & Employment Services,"Menlo Park, California",2000-12-05,315213,1948,30.567867,19.444933
304,304,RSG,Republic Services,reports,Industrials,Environmental & Facilities Services,"Phoenix, Arizona",2008-12-05,1060391,1998 (1981),35.46069,26.721565
305,305,TDG,TransDigm Group,reports,Industrials,Aerospace & Defense,"Cleveland, Ohio",2016-06-03,1260221,1993,239.53609,37.890507
306,306,DOV,Dover Corporation,reports,Industrials,Industrial Machinery,"Downers Grove, Illinois",1985-10-31,29905,1955,30.441263,20.423685
307,307,MMM,3M,reports,Industrials,Industrial Conglomerates,"Saint Paul, Minnesota",1976-08-09,66740,1902,20.49872,18.915344
308,308,LMT,Lockheed Martin,reports,Industrials,Aerospace & Defense,"Bethesda, Maryland",1984-07-31,936468,1995,15.354073,13.638709
309,309,GE,General Electric,reports,Industrials,Industrial Conglomerates,"Boston, Massachusetts",,40545,1892,0.0,24.954039
310,310,MAS,Masco,reports,Industrials,Building Products,"Livonia, Michigan",1981-06-30,62996,1929,19.57205,14.782828
311,311,FDX,FedEx,reports,Industrials,Air Freight & Logistics,"Memphis, Tennessee",1980-12-31,1048911,1971,26.568487,14.812877
312,312,GD,General Dynamics,reports,Industrials,Aerospace & Defense,"Falls Church, Virginia",1957-03-04,40533,1899,17.297281,15.4943075
313,313,GWW,W. W. Grainger,reports,Industrials,Industrial Machinery,"Lake Forest, Illinois",1981-06-30,277135,1927,32.32702,20.093515
314,314,GNRC,Generac Holdings,reports,Industrials,Electrical Components & Equipment,"Waukesha, Wisconsin",2021-03-22,1474735,1959,62.666668,39.478336
315,315,EFX,Equifax,reports,Industrials,Research & Consulting Services,"Atlanta, Georgia",1997-06-19,33185,1899,49.885418,29.353819
316,316,FBHS,Fortune Brands Home & Security,reports,Industrials,Building Products,"Deerfield, Illinois",2016-06-22,1519751,2011 (1969),22.061146,16.002455
317,317,JBHT,J. B. Hunt,reports,Industrials,Trucking,"Lowell, Arkansas",2015-07-01,728535,1961,32.45956,21.82831
318,318,J,Jacobs Engineering Group,reports,Industrials,Construction & Engineering,"Dallas, Texas",2007-10-26,52988,1947,0.0,
319,319,EMR,Emerson Electric Company,reports,Industrials,Electrical Components & Equipment,"Ferguson, Missouri",1965-03-31,32604,1890,27.80395,22.503424
320,320,LHX,L3Harris Technologies,reports,Industrials,Aerospace & Defense,"Melbourne, Florida",2008-09-22,202058,2019 (1895),30.601278,17.015884
321,321,EXPD,Expeditors,reports,Industrials,Air Freight & Logistics,"Seattle, Washington",2007-10-10,746515,1979,25.465925,24.839148
322,322,KSU,Kansas City Southern,reports,Industrials,Railroads,"Kansas City, Missouri",2013-05-24,54480,1887,40.66255,25.767178
323,323,FTV,Fortive,reports,Industrials,Industrial Machinery,"Everett, Washington",2016-07-01,1659166,2016,15.166595,24.91579
324,324,IEX,IDEX Corporation,reports,Industrials,Industrial Machinery,"Lake Forest, Illinois",2019-08-09,832101,1988,44.176815,32.730713
325,325,HON,Honeywell,reports,Industrials,Industrial Conglomerates,"Charlotte, North Carolina",1964-03-31,773840,1906,34.481014,24.777777
326,326,FAST,Fastenal,reports,Industrials,Building Products,"Winona, Minnesota",2008-09-15,815556,1967,35.0,30.906431
327,327,IR,Ingersoll Rand,reports,Industrials,Industrial Machinery,"Milwaukee, Wisconsin",2020-03-03,1699150,1859,0.0,24.147108
328,328,ITW,Illinois Tool Works,reports,Industrials,Industrial Machinery,"Glenview, Illinois",1986-02-28,49826,1912,32.78245,24.512974
329,329,HWM,Howmet Aerospace,reports,Industrials,Aerospace & Defense,"Pittsburgh, Pennsylvania",1964-03-31,4281,2016,0.0,
330,330,LDOS,Leidos,reports,Industrials,Diversified Support Services,"Reston, Virginia",2019-08-09,1336920,1969,24.151377,14.727273
331,331,DXC,DXC Technology,reports,Information Technology,IT Consulting & Other Services,"Tysons Corner, Virginia",2017-04-04,1688568,2017,0.0,11.6598835
332,332,ADP,Automatic Data Processing,reports,Information Technology,Data Processing & Outsourced Services,"Roseland, New Jersey",1981-03-31,8670,1949,35.55517,31.28746
333,333,FIS,Fidelity National Information Services,reports,Information Technology,Data Processing & Outsourced Services,"Jacksonville, Florida",2006-11-10,1136893,1968,582.76,19.794836
334,334,KEYS,Keysight Technologies,reports,Information Technology,Electronic Equipment & Instruments,"Santa Rosa, California",2018-11-06,1601046,2014,39.324158,24.318886
335,335,SNPS,Synopsys,reports,Information Technology,Application Software,"Mountain View, California",2017-03-16,883241,1986,54.130013,37.73677
336,336,FISV,Fiserv,reports,Information Technology,Data Processing & Outsourced Services,"Brookfield, Wisconsin",2001-04-02,798354,1984,85.744514,17.042057
337,337,KLAC,KLA Corporation,reports,Information Technology,Semiconductor Equipment,"Milpitas, California",,319201,1975/1977 (1997),26.07104,18.27428
338,338,IT,Gartner,reports,Information Technology,IT Consulting & Other Services,"Stamford, Connecticut",2017-04-05,749251,1979,64.818275,41.221508
339,339,FLT,Fleetcor,reports,Information Technology,Data Processing & Outsourced Services,"Norcross, Georgia",2018-06-20,1175454,2000,31.176107,17.315321
340,340,FTNT,Fortinet,reports,Information Technology,Systems Software,"Sunnyvale, California",2018-10-11,1262039,2000,86.12821,58.527588
341,341,CDNS,Cadence Design Systems,reports,Information Technology,Application Software,"San Jose, California",2017-09-18,813672,1988,58.799145,41.07164
342,342,LRCX,Lam Research,reports,Information Technology,Semiconductor Equipment,"Fremont, California",2012-06-29,707549,1980,26.111744,19.049814
343,343,BR,Broadridge Financial Solutions,reports,Information Technology,Data Processing & Outsourced Services,"Lake Success, New York",2018-06-18,1383312,1962,38.255234,26.864216
344,344,SWKS,Skyworks Solutions,reports,Information Technology,Semiconductors,"Woburn, Massachusetts",2015-03-12,4127,2002,26.195322,17.441013
345,345,NOW,ServiceNow,reports,Information Technology,Systems Software,"Santa Clara, California",2019-11-21,1373715,2003,736.40356,79.048965
346,346,CRM,Salesforce,reports,Information Technology,Application Software,"San Francisco, California",2008-09-15,1108524,1999,55.296803,58.361443
347,347,TER,Teradyne,reports,Information Technology,Semiconductor Equipment,"North Reading, Massachusetts",2020-09-21,97210,1960,28.749434,21.913345
348,348,MPWR,Monolithic Power Systems,reports,Information Technology,Semiconductors,"Kirkland, Washington",2021-02-12,1280452,1997,104.48763,49.794044
349,349,TXN,Texas Instruments,reports,Information Technology,Semiconductors,"Dallas, Texas",,97476,1930,28.97168,24.40051
350,350,ZBRA,Zebra Technologies,reports,Information Technology,Electronic Equipment & Instruments,"Lincolnshire, Illinois",2019-12-23,877212,1969,45.4547,29.473913
351,351,HPQ,HP,reports,Information Technology,"Technology Hardware, Storage & Peripherals","Palo Alto, California",1974-12-31,47217,1939 (2015),10.35097,8.04947
352,352,XLNX,Xilinx,reports,Information Technology,Semiconductors,"San Jose, California",1999-11-08,743988,1984,51.053436,34.924282
353,353,ADBE,Adobe,reports,Information Technology,Application Software,"San Jose, California",1997-05-05,796343,1982,51.930843,42.71062
354,354,AMD,Advanced Micro Devices,reports,Information Technology,Semiconductors,"Santa Clara, California",,2488,1969,37.770782,33.19926
355,355,WU,Western Union,reports,Information Technology,Data Processing & Outsourced Services,"Englewood, Colorado",2006-09-29,1365135,1851,12.906078,10.200873
356,356,WDC,Western Digital,reports,Information Technology,"Technology Hardware, Storage & Peripherals","San Jose, California",2009-07-01,106040,1970,61.548553,7.886771
357,357,AKAM,Akamai Technologies,reports,Information Technology,Internet Services & Infrastructure,"Cambridge, Massachusetts",2007-07-12,1086222,1998,32.354595,19.00165
358,358,INTC,Intel,reports,Information Technology,Semiconductors,"Santa Clara, California",1976-12-31,50863,1968,12.680656,12.364332
359,359,V,Visa,reports,Information Technology,Data Processing & Outsourced Services,"San Francisco, California",2009-12-21,1403161,1958,49.53696,33.994297
360,360,IBM,IBM,reports,Information Technology,IT Consulting & Other Services,"Armonk, New York",1957-03-04,51143,1911,23.526262,11.671369
361,361,INTU,Intuit,reports,Information Technology,Application Software,"Mountain View, California",2000-12-05,896878,1983,63.99277,46.781742
362,362,VRSN,Verisign,reports,Information Technology,Internet Services & Infrastructure,"Dulles, Virginia",2006-02-01,1014473,1995,41.305454,37.034092
363,363,HPE,Hewlett Packard Enterprise,reports,Information Technology,"Technology Hardware, Storage & Peripherals","Houston, Texas",2015-11-02,1645590,2015,29.168358,7.3743587
364,364,IPGP,IPG Photonics,reports,Information Technology,Electronic Manufacturing Services,"Oxford, Massachusetts",2018-03-07,1111928,1990,70.230644,31.085693
365,365,JKHY,Jack Henry & Associates,reports,Information Technology,Data Processing & Outsourced Services,"Monett, Missouri",2018-11-13,779152,1976,42.8262,36.581497
366,366,APH,Amphenol Corp,reports,Information Technology,Electronic Components,"Wallingford, Connecticut",2008-09-30,820313,1932,33.678658,27.64567
367,367,ADI,Analog Devices,reports,Information Technology,Semiconductors,"Norwood, Massachusetts",1999-10-12,6281,1965,39.69451,23.828081
368,368,ANSS,Ansys,reports,Information Technology,Application Software,"Canonsburg, Pennsylvania",2017-06-19,1013462,1969,66.794754,44.6743
369,369,TYL,Tyler Technologies,reports,Information Technology,Application Software,"Plano, Texas",2020-06-22,860731,1966,107.98548,60.329533
370,370,GPN,Global Payments,reports,Information Technology,Data Processing & Outsourced Services,"Atlanta, Georgia",2016-04-25,1123360,2000,89.257866,20.237486
371,371,TRMB,Trimble,reports,Information Technology,Electronic Equipment & Instruments,"Sunnyvale, California",2021-01-21,864749,1978,47.925716,30.060934
372,372,AAPL,Apple,reports,Information Technology,"Technology Hardware, Storage & Peripherals","Cupertino, California",1982-11-30,320193,1977,32.46797,27.05056
373,373,AMAT,Applied Materials,reports,Information Technology,Semiconductor Equipment,"Santa Clara, California",1995-03-16,6951,1967,28.10912,18.314789
374,374,ANET,Arista Networks,reports,Information Technology,Communications Equipment,"Santa Clara, California",2018-08-28,1596532,2004,43.617485,32.448822
375,375,ADSK,Autodesk,reports,Information Technology,Application Software,"San Rafael, California",1989-12-01,769397,1982,49.928036,42.41339
376,376,JNPR,Juniper Networks,reports,Information Technology,Communications Equipment,"Sunnyvale, California",2006-06-02,1043604,1996,44.45705,14.513227
377,377,AVGO,Broadcom,reports,Information Technology,Semiconductors,"San Jose, California",2014-05-08,1730168,1961,44.863834,16.111149
378,378,CDW,CDW,reports,Information Technology,Technology Distributors,"Lincolnshire, Illinois",2019-09-23,1402057,1984,29.851301,21.945341
379,379,GLW,Corning,reports,Information Technology,Electronic Components,"Corning, New York",,24741,1851,28.815605,17.071428
380,380,PYPL,PayPal,reports,Information Technology,Data Processing & Outsourced Services,"San Jose, California",2015-07-20,1633917,1998,69.05652,51.621803
381,381,PAYC,Paycom,reports,Information Technology,Application Software,"Oklahoma City, Oklahoma",2020-01-28,1590955,1998,150.70683,68.35337
382,382,PAYX,Paychex,reports,Information Technology,Data Processing & Outsourced Services,"Penfield, New York",,723531,1971,38.373287,34.906544
383,383,ORCL,Oracle,reports,Information Technology,Application Software,"Austin, Texas",1989-08-31,1341439,1977,19.138462,17.007812
384,384,MXIM,Maxim Integrated,reports,Information Technology,Semiconductors,"San Jose, California",2018-12-03,743316,1983,34.64039,29.122093
385,385,CTSH,Cognizant Technology Solutions,reports,Information Technology,IT Consulting & Other Services,"Teaneck, New Jersey",2006-11-17,1058290,1994,24.272665,15.735764
386,386,NVDA,Nvidia,reports,Information Technology,Semiconductors,"Santa Clara, California",2001-11-30,1045810,1993,95.67967,46.95186
387,387,NLOK,NortonLifeLock,reports,Information Technology,Application Software,"Tempe, Arizona",2003-03-25,849399,1982,0.0,
388,388,MCHP,Microchip Technology,reports,Information Technology,Semiconductors,"Chandler, Arizona",2007-09-07,827054,1989,112.306206,16.964285
389,389,MU,Micron Technology,reports,Information Technology,Semiconductors,"Boise, Idaho",1994-09-27,723125,1978,28.018848,7.4329243
390,390,MSFT,Microsoft,reports,Information Technology,Systems Software,"Redmond, Washington",1994-06-01,789019,1975,37.978333,33.335526
391,391,NTAP,NetApp,reports,Information Technology,"Technology Hardware, Storage & Peripherals","Sunnyvale, California",1999-06-25,1002047,1992,25.170279,15.941177
392,392,MSI,Motorola Solutions,reports,Information Technology,Communications Equipment,"Chicago, Illinois",,68505,1928 (2011),38.866447,22.893333
393,393,ENPH,Enphase Energy,reports,Information Technology,Electronic Components,"Fremont, California",2021-01-07,1463101,2006,272.20654,67.85
394,394,CSCO,Cisco Systems,reports,Information Technology,Communications Equipment,"San Jose, California",1993-12-01,858877,1984,22.064903,15.698529
395,395,MA,Mastercard,reports,Information Technology,Data Processing & Outsourced Services,"Harrison, New York",2008-07-18,1141391,1966,57.832157,36.140938
396,396,CTXS,Citrix Systems,reports,Information Technology,Application Software,"Fort Lauderdale, Florida",1999-12-01,877890,1989,34.38623,16.40843
397,397,FFIV,F5 Networks,reports,Information Technology,Communications Equipment,"Seattle, Washington",2010-12-20,1048695,1996,41.218266,15.926851
398,398,QRVO,Qorvo,reports,Information Technology,Semiconductors,"Greensboro, North Carolina",2015-06-11,1604778,2015,30.42563,15.57004
399,399,QCOM,Qualcomm,reports,Information Technology,Semiconductors,"San Diego, California",,804328,1985,,
400,400,PTC,PTC,reports,Information Technology,Application Software,"Boston, Massachusetts",2021-04-20,857005,1985,75.959595,37.208336
401,401,EMN,Eastman Chemical,reports,Materials,Diversified Chemicals,"Kingsport, Tennessee",1994-01-01,915389,1920,31.88695,12.522307
402,402,MLM,Martin Marietta Materials,reports,Materials,Construction Materials,"Raleigh, North Carolina",2014-07-02,916076,1993,30.783361,27.263239
403,403,CTVA,Corteva,reports,Materials,Fertilizers & Agricultural Chemicals,"Wilmington, Delaware",2019-06-03,1755672,2019,0.0,24.764046
404,404,FMC,FMC Corporation,reports,Materials,Fertilizers & Agricultural Chemicals,"Philadelphia, Pennsylvania",2009-08-19,37785,1883,26.887072,13.403703
405,405,DD,DuPont,reports,Materials,Specialty Chemicals,"Wilmington, Delaware",2019-04-02,1666700,2017,18.34521,18.099773
406,406,NUE,Nucor,reports,Materials,Steel,"Charlotte, North Carolina",1985-04-30,73309,1940,18.043074,14.023088
407,407,CE,Celanese,reports,Materials,Specialty Chemicals,"Irving, Texas",2018-12-24,1306830,1918,8.653178,11.996115
408,408,CF,CF Industries,reports,Materials,Fertilizers & Agricultural Chemicals,"Deerfield, Illinois",2008-08-27,1324404,1946,27.099892,16.653465
409,409,WRK,WestRock,reports,Materials,Paper Packaging,"Atlanta, Georgia",,1732845,2015,0.0,11.379311
410,410,MOS,The Mosaic Company,reports,Materials,Fertilizers & Agricultural Chemicals,"Tampa, Florida",2011-09-26,1285785,2004 (1865 / 1909),11.91007,12.048871
411,411,IFF,International Flavors & Fragrances,reports,Materials,Specialty Chemicals,New York City,1976-03-31,51253,1958 (1889),45.919003,22.367222
412,412,PKG,Packaging Corporation of America,reports,Materials,Paper Packaging,"Lake Forest, Illinois",2017-07-26,75677,1959,27.363264,16.676226
413,413,VMC,Vulcan Materials,reports,Materials,Construction Materials,"Birmingham, Alabama",1999-06-30,1396009,1909,33.794315,28.630363
414,414,ALB,Albemarle Corporation,reports,Materials,Specialty Chemicals,"Charlotte, North Carolina",2016-07-01,915913,1994,55.86392,36.777996
415,415,ECL,Ecolab,reports,Materials,Specialty Chemicals,"Saint Paul, Minnesota",1989-01-31,31462,1923,0.0,34.65244
416,416,NEM,Newmont,reports,Materials,Gold,"Denver, Colorado",1969-06-30,1164727,1921,20.029808,16.623697
417,417,APD,Air Products & Chemicals,reports,Materials,Industrial Gases,"Allentown, Pennsylvania",1985-04-30,2969,1940,34.34657,27.012512
418,418,DOW,Dow,reports,Materials,Commodity Chemicals,"Midland, Michigan",2019-04-01,1751788,2019,24.04609,11.614964
419,419,IP,International Paper,reports,Materials,Paper Packaging,"Memphis, Tennessee",1957-03-04,51434,1898,25.41146,11.6031475
420,420,SEE,Sealed Air,reports,Materials,Paper Packaging,"Charlotte, North Carolina",1957-03-04,1012100,1960,17.963366,15.595687
421,421,PPG,PPG Industries,reports,Materials,Specialty Chemicals,"Pittsburgh, Pennsylvania",1957-03-04,79879,1883,34.08855,19.161434
422,422,FCX,Freeport-McMoRan,reports,Materials,Copper,"Phoenix, Arizona",,831259,1912,29.503256,10.120111
423,423,LYB,LyondellBasell,reports,Materials,Specialty Chemicals,"Rotterdam, Netherlands",2012-09-05,1489393,2007,14.6995,7.6048746
424,424,AVY,Avery Dennison,reports,Materials,Paper Packaging,"Glendale, California",1987-12-31,8818,1990,27.885204,22.90919
425,425,BLL,Ball Corp,reports,Materials,Metal & Glass Containers,"Broomfield, Colorado",1984-10-31,9389,1880,37.13412,21.039604
426,426,SHW,Sherwin-Williams,reports,Materials,Specialty Chemicals,"Cleveland, Ohio",1964-06-30,89800,1866,35.891933,26.418648
427,427,O,Realty Income Corporation,reports,Real Estate,Retail REITs,"San Diego, California",2015-04-07,726728,1969,71.47515,41.34431
428,428,AMT,American Tower,reports,Real Estate,Specialized REITs,"Boston, Massachusetts",2007-11-19,1053507,1995,64.712296,51.082417
429,429,WY,Weyerhaeuser,reports,Real Estate,Specialized REITs,"Federal Way, Washington",,106535,1900,20.02251,20.33143
430,430,VTR,Ventas,reports,Real Estate,Health Care REITs,"Chicago, Illinois",2009-03-04,740260,1998,0.0,989.0
431,431,SPG,Simon Property Group,reports,Real Estate,Retail REITs,"Indianapolis, Indiana",2002-06-26,1063761,2003,36.373104,26.274391
432,432,REG,Regency Centers,reports,Real Estate,Retail REITs,"Jacksonville, Florida",2017-03-02,910606,1963,75.17674,43.953335
433,433,WELL,Welltower,reports,Real Estate,Health Care REITs,"Toledo, Ohio",2009-01-30,766704,1970,49.942924,90.206184
434,434,MAA,Mid-America Apartments,reports,Real Estate,Residential REITs,"Memphis, Tennessee",2016-12-02,912595,1977,79.53193,69.926926
435,435,VNO,Vornado Realty Trust,reports,Real Estate,Office REITs,New York City,,899689,1982,0.0,95.55102
436,436,ARE,Alexandria Real Estate Equities,reports,Real Estate,Office REITs,"Pasadena, California",2017-03-20,1035443,1994,33.088184,57.884148
437,437,HST,Host Hotels & Resorts,reports,Real Estate,Hotel & Resort REITs,"Bethesda, Maryland",2007-03-20,1070750,1993,0.0,93.49999
438,438,SBAC,SBA Communications,reports,Real Estate,Specialized REITs,"Boca Raton, Florida",2017-09-01,1034054,1989,266.91095,92.854935
439,439,BXP,Boston Properties,reports,Real Estate,Office REITs,"Boston, Massachusetts",2006-04-03,1037540,1970,40.450974,39.2053
440,440,DLR,Digital Realty Trust,reports,Real Estate,Specialized REITs,"Austin, Texas",2016-05-18,1297996,2004,100.9539,94.99398
441,441,PLD,Prologis,reports,Real Estate,Industrial REITs,"San Francisco, California",2003-07-17,1045609,1983,69.74931,59.15654
442,442,IRM,Iron Mountain,reports,Real Estate,Specialized REITs,"Boston, Massachusetts",2009-01-06,1020569,1951,37.553745,31.224758
443,443,EXR,Extra Space Storage,reports,Real Estate,Specialized REITs,"Salt Lake City, Utah",2016-01-19,1289490,1977,39.364395,38.673332
444,444,KIM,Kimco Realty,reports,Real Estate,Retail REITs,"New Hyde Park, New York",2006-04-04,879101,1958,9.0580015,41.95098
445,445,FRT,Federal Realty Investment Trust,reports,Real Estate,Retail REITs,"Rockville, Maryland",2016-02-01,34903,1962,73.74074,70.686386
446,446,UDR,UDR,reports,Real Estate,Residential REITs,"Highlands Ranch, Colorado",2016-03-07,74208,1972,264.84695,346.06665
447,447,EQR,Equity Residential,reports,Real Estate,Residential REITs,"Chicago, Illinois",2001-12-03,906107,1969,46.243652,92.1236
448,448,PSA,Public Storage,reports,Real Estate,Specialized REITs,"Glendale, California",2005-08-19,1393311,1972,46.619465,38.709156
449,449,DRE,Duke Realty Corp,reports,Real Estate,Industrial REITs,"Indianapolis, Indiana",2017-07-26,783280,1972,52.050884,66.833336
450,450,PEAK,Healthpeak Properties,reports,Real Estate,Health Care REITs,"Long Beach, California",2008-03-31,765880,1985,0.0,
451,451,EQIX,Equinix,reports,Real Estate,Specialized REITs,"Redwood City, California",2015-03-20,1101239,1998,181.22475,90.93172
452,452,CBRE,CBRE,reports,Real Estate,Real Estate Services,"Dallas, Texas",2006-11-10,1138118,1906,34.271378,19.670507
453,453,CCI,Crown Castle,reports,Real Estate,Specialized REITs,"Houston, Texas",2012-03-14,1051470,1994,96.40572,64.321655
454,454,AVB,AvalonBay Communities,reports,Real Estate,Residential REITs,"Arlington, Virginia[3]",2007-01-10,915912,1978,39.061516,69.62928
455,455,ESS,Essex Property Trust,reports,Real Estate,Residential REITs,"San Mateo, California",2014-04-02,920522,1971,50.035503,75.55478
456,456,WEC,WEC Energy Group,reports,Utilities,Electric Utilities,"Milwaukee, Wisconsin",2008-10-31,783325,1896,23.287981,21.545454
457,457,SRE,Sempra Energy,reports,Utilities,Multi-Utilities,"San Diego, California",,1032208,1998,10.135434,15.653349
458,458,AES,AES Corp,reports,Utilities,Independent Power Producers & Energy Traders,"Arlington, Virginia",1998-10-02,874761,1981,0.0,15.407186
459,459,PPL,PPL,reports,Utilities,Electric Utilities,"Allentown, Pennsylvania",,922224,1920,0.0,16.44186
460,460,DUK,Duke Energy,reports,Utilities,Electric Utilities,"Charlotte, North Carolina",1976-06-30,1326160,1904,58.917976,18.583487
461,461,XEL,Xcel Energy,reports,Utilities,Multi-Utilities,"Minneapolis, Minnesota",1957-03-04,72903,1909,23.408073,21.40694
462,462,D,Dominion Energy,reports,Utilities,Electric Utilities,"Richmond, Virginia",,715957,1983,77.88819,18.262136
463,463,DTE,DTE Energy,reports,Utilities,Multi-Utilities,"Detroit, Michigan",1957-03-04,936340,1995,15.769126,15.984159
464,464,LNT,Alliant Energy,reports,Utilities,Electric Utilities,"Madison, Wisconsin",2016-07-01,352541,1917,23.164764,20.729927
465,465,EXC,Exelon,reports,Utilities,Multi-Utilities,"Chicago, Illinois",1957-03-04,1109357,2000,40.62162,14.881188
466,466,PEG,Public Service Enterprise Group,reports,Utilities,Electric Utilities,"Newark, New Jersey",1957-03-04,788784,1903,16.095745,17.29143
467,467,ATO,Atmos Energy,reports,Utilities,Gas Utilities,"Dallas, Texas",2019-02-15,731802,1906,17.95557,18.343172
468,468,ETR,Entergy,reports,Utilities,Electric Utilities,"New Orleans, Louisiana",1957-03-04,65984,1913,12.889949,16.304762
469,469,EVRG,Evergy,reports,Utilities,Electric Utilities,"Kansas City, Missouri",2018-06-05,1711269,1909,18.966154,17.61143
470,470,ED,Consolidated Edison,reports,Utilities,Electric Utilities,New York City,,1047862,1823,21.575687,16.21286
471,471,NRG,NRG Energy,reports,Utilities,Independent Power Producers & Energy Traders,"Houston, Texas",2010-01-29,1013871,1992,32.872,7.035959
472,472,EIX,Edison International,reports,Utilities,Electric Utilities,"Rosemead, California",1957-03-04,827052,1886,26.686718,12.218221
473,473,SO,Southern Company,reports,Utilities,Electric Utilities,"Atlanta, Georgia",1957-03-04,92122,1945,19.392012,17.370872
474,474,CMS,CMS Energy,reports,Utilities,Multi-Utilities,"Jackson, Michigan",1999-05-03,811156,1886,20.063227,19.702616
475,475,AEP,American Electric Power,reports,Utilities,Electric Utilities,"Columbus, Ohio",1957-03-04,4904,1906,18.669584,17.167002
476,476,ES,Eversource Energy,reports,Utilities,Multi-Utilities,"Hartford, Connecticut",,72741,1966,22.832964,20.119804
477,477,NI,NiSource,reports,Utilities,Multi-Utilities,"Merrillville, Indiana",,1111711,1912,65.75718,17.861702
478,478,AEE,Ameren Corp,reports,Utilities,Multi-Utilities,"St. Louis, Missouri",1991-09-19,1002910,1902,21.678888,20.487623
479,479,CNP,CenterPoint Energy,reports,Utilities,Multi-Utilities,"Houston, Texas",1985-07-31,1130310,1882,0.0,17.224138
480,480,PNW,Pinnacle West Capital,reports,Utilities,Multi-Utilities,"Phoenix, Arizona",,764622,1985,17.021147,16.34961
481,481,NEE,NextEra Energy,reports,Utilities,Multi-Utilities,"Juno Beach, Florida",1976-06-30,753308,1984 (1925),35.57346,27.494505
482,482,AWK,American Water Works,reports,Utilities,Water Utilities,"Camden, New Jersey",2016-03-04,1410636,1886,41.0763,35.26681
483,483,FE,FirstEnergy,reports,Utilities,Electric Utilities,"Akron, Ohio",,1031296,1997,15.11953,14.351923
