Symbol,Security,SEC filings,GICS Sector,GICS Sub-Industry,Headquarters Location,Date first added,CIK,Founded,TPE,FPE,LS_AVG_TPE,LS_AVG_FPE
A,Agilent Technologies,reports,Health Care,Health Care Equipment,"Santa Clara, California",2000-06-05,1090872,1999,71.48131,45.57485,27.782952823529406,26.622368313636358
AAL,American Airlines Group,reports,Industrials,Airlines,"Fort Worth, Texas",2015-03-23,6201,1934,17.756487,16.196903,68.16395845918368,30.509965993548388
AAP,Advance Auto Parts,reports,Consumer Discretionary,Automotive Retail,"Raleigh, North Carolina",2015-07-09,1158449,1932,0,59.490738,27.782952823529406,26.622368313636358
AAPL,Apple,reports,Information Technology,"Technology Hardware, Storage & Peripherals","Cupertino, California",1982-11-30,320193,1977,0,15.304054,68.16395845918368,30.509965993548388
ABBV,AbbVie,reports,Health Care,Pharmaceuticals,"North Chicago, Illinois",2012-12-31,1551152,2013 (1888),0,36.125004,27.782952823529406,26.622368313636358
ABC,AmerisourceBergen,reports,Health Care,Health Care Distributors,"Chesterbrook, Pennsylvania",2001-08-30,1140859,1985,40.217514,33.18955,68.16395845918368,30.509965993548388
ABMD,Abiomed,reports,Health Care,Health Care Equipment,"Danvers, Massachusetts",2018-05-31,815094,1981,11.850066,10.45648,27.782952823529406,26.622368313636358
ABT,Abbott Laboratories,reports,Health Care,Health Care Equipment,"North Chicago, Illinois",1964-03-31,1800,1888,0,,27.782952823529406,26.622368313636358
ACN,Accenture,reports,Information Technology,IT Consulting & Other Services,"Dublin, Ireland",2011-07-06,1467373,1989,21.915846,7.4862385,27.782952823529406,26.622368313636358
ADBE,Adobe,reports,Information Technology,Application Software,"San Jose, California",1997-05-05,796343,1982,11.385578,13.945255,27.782952823529406,26.622368313636358
ADI,Analog Devices,reports,Information Technology,Semiconductors,"Wilmington, Massachusetts",1999-10-12,6281,1965,31.086283,21.886292,68.16395845918368,30.509965993548388
ADM,ADM,reports,Consumer Staples,Agricultural Products,"Chicago, Illinois",1981-07-29,7084,1902,35.282253,25.405436,68.16395845918368,30.509965993548388
ADP,Automatic Data Processing,reports,Information Technology,Data Processing & Outsourced Services,"Roseland, New Jersey",1981-03-31,8670,1949,20.205093,13.681965,68.16395845918368,30.509965993548388
ADSK,Autodesk,reports,Information Technology,Application Software,"San Rafael, California",1989-12-01,769397,1982,20.134216,19.572834,68.16395845918368,30.509965993548388
AEE,Ameren Corp,reports,Utilities,Multi-Utilities,"St. Louis, Missouri",1991-09-19,1002910,1902,0,239,68.16395845918368,30.509965993548388
AEP,American Electric Power,reports,Utilities,Electric Utilities,"Columbus, Ohio",1957-03-04,4904,1906,135.58296,59.66821,68.16395845918368,30.509965993548388
AES,AES Corp,reports,Utilities,Independent Power Producers & Energy Traders,"Arlington, Virginia",1998-10-02,874761,1981,0,113.230774,27.782952823529406,26.622368313636358
AFL,Aflac,reports,Financials,Life & Health Insurance,"Columbus, Georgia",1999-05-28,4977,1955,29.407078,22.579605,27.782952823529406,26.622368313636358
AIG,American International Group,reports,Financials,Property & Casualty Insurance,"New York City, New York",1980-03-31,5272,1919,21.785715,8.522954,68.16395845918368,30.509965993548388
AIZ,Assurant,reports,Financials,Multi-line Insurance,"New York City, New York",2007-04-10,1267238,1892,46.78001,21.626894,68.16395845918368,30.509965993548388
AJG,Arthur J. Gallagher & Co.,reports,Financials,Insurance Brokers,"Rolling Meadows, Illinois",2016-05-31,354190,1927,126.244125,12.774346,68.16395845918368,30.509965993548388
AKAM,Akamai Technologies,reports,Information Technology,Internet Services & Infrastructure,"Cambridge, Massachusetts",2007-07-12,1086222,1998,48.254627,38.014885,27.782952823529406,26.622368313636358
ALB,Albemarle Corporation,reports,Materials,Specialty Chemicals,"Charlotte, North Carolina",2016-07-01,915913,1994,31.248455,20.586319,27.782952823529406,26.622368313636358
ALGN,Align Technology,reports,Health Care,Health Care Supplies,"San Jose, California",2017-06-19,1097149,1997,37.388992,29.505417,27.782952823529406,26.622368313636358
ALK,Alaska Air Group,reports,Industrials,Airlines,"Seattle, Washington",2016-05-13,766421,1985,0,8.657052,27.782952823529406,26.622368313636358
ALL,Allstate Corp,reports,Financials,Property & Casualty Insurance,"Northfield Township, Illinois",1995-07-13,899051,1931,16.062084,11.301093,27.782952823529406,26.622368313636358
ALLE,Allegion,reports,Industrials,Building Products,"New York City, New York",2013-12-02,1579241,1908,22.775291,7.8036814,27.782952823529406,26.622368313636358
AMAT,Applied Materials,reports,Information Technology,Semiconductor Equipment,"Santa Clara, California",1995-03-16,6951,1967,0,48.632744,68.16395845918368,30.509965993548388
AMCR,Amcor,reports,Materials,Paper Packaging,"Zurich, Switzerland",2019-06-07,1748790,2019 (1860),42.47725,27.024452,27.782952823529406,26.622368313636358
AMD,Advanced Micro Devices,reports,Information Technology,Semiconductors,"Santa Clara, California",,2488,1969,10.923393,15.569852,27.782952823529406,26.622368313636358
AME,Ametek,reports,Industrials,Electrical Components & Equipment,"Berwyn, Pennsylvania",2013-09-23,1037868,1930,140.69997,25.978298,68.16395845918368,30.509965993548388
AMGN,Amgen,reports,Health Care,Biotechnology,"Thousand Oaks, California",1992-01-02,318154,1980,23.278664,22.803677,68.16395845918368,30.509965993548388
AMP,Ameriprise Financial,reports,Financials,Asset Management & Custody Banks,"Minneapolis, Minnesota",2005-10-03,820027,1894,352.82294,25.427584,68.16395845918368,30.509965993548388
AMT,American Tower,reports,Real Estate,Specialized REITs,"Boston, Massachusetts",2007-11-19,1053507,1995,3.6893225,12.565188,68.16395845918368,30.509965993548388
AMZN,Amazon,reports,Consumer Discretionary,Internet & Direct Marketing Retail,"Seattle, Washington",2005-11-18,1018724,1994,22.142292,15.181572,27.782952823529406,26.622368313636358
ANET,Arista Networks,reports,Information Technology,Communications Equipment,"Santa Clara, California",2018-08-28,1596532,2004,10.256202,7.5744863,68.16395845918368,30.509965993548388
ANSS,Ansys,reports,Information Technology,Application Software,"Canonsburg, Pennsylvania",2017-06-19,1013462,1969,13.727859,12.481699,68.16395845918368,30.509965993548388
ANTM,Anthem,reports,Health Care,Managed Health Care,"Indianapolis, Indiana",2002-07-25,1156039,2014 (1946),73.60449,39.959393,68.16395845918368,30.509965993548388
AON,Aon,reports,Financials,Insurance Brokers,"London, UK",1996-04-23,315293,1982 (1919),0,98.37501,68.16395845918368,30.509965993548388
AOS,A. O. Smith,reports,Industrials,Building Products,"Milwaukee, Wisconsin",2017-07-26,91142,1916,0,70.297295,68.16395845918368,30.509965993548388
APA,APA Corporation,reports,Energy,Oil & Gas Exploration & Production,"Houston, Texas",1997-07-28,6769,1954,0,20.848822,68.16395845918368,30.509965993548388
APD,Air Products & Chemicals,reports,Materials,Industrial Gases,"Allentown, Pennsylvania",1985-04-30,2969,1940,0,,27.782952823529406,26.622368313636358
APH,Amphenol Corp,reports,Information Technology,Electronic Components,"Wallingford, Connecticut",2008-09-30,820313,1932,12.520516,12.59434,68.16395845918368,30.509965993548388
APTV,Aptiv,reports,Consumer Discretionary,Auto Parts & Equipment,"Dublin, Ireland",2012-12-24,1521332,1994,133.18022,31.408335,68.16395845918368,30.509965993548388
ARE,Alexandria Real Estate Equities,reports,Real Estate,Office REITs,"Pasadena, California",2017-03-20,1035443,1994,0,0,27.782952823529406,26.622368313636358
ATO,Atmos Energy,reports,Utilities,Gas Utilities,"Dallas, Texas",2019-02-15,731802,1906,0,43.31472,68.16395845918368,30.509965993548388
ATVI,Activision Blizzard,reports,Communication Services,Interactive Home Entertainment,"Santa Monica, California",2015-08-31,718877,2008,10.554231,15.07234,27.782952823529406,26.622368313636358
AVB,AvalonBay Communities,reports,Real Estate,Residential REITs,"Arlington, Virginia[3]",2007-01-10,915912,1978,19.73955,19.898766,68.16395845918368,30.509965993548388
AVGO,Broadcom,reports,Information Technology,Semiconductors,"San Jose, California",2014-05-08,1730168,1961,120.8521,31.087675,68.16395845918368,30.509965993548388
AVY,Avery Dennison,reports,Materials,Paper Packaging,"Glendale, California",1987-12-31,8818,1990,18.491276,18.425915,68.16395845918368,30.509965993548388
AWK,American Water Works,reports,Utilities,Water Utilities,"Camden, New Jersey",2016-03-04,1410636,1886,0,0,68.16395845918368,30.509965993548388
AXP,American Express,reports,Financials,Consumer Finance,"New York City, New York",1976-06-30,4962,1850,42.841038,34.7561,68.16395845918368,30.509965993548388
AZO,AutoZone,reports,Consumer Discretionary,Specialty Stores,"Memphis, Tennessee",1997-01-02,866787,1979,17.04125,12.610526,68.16395845918368,30.509965993548388
BA,Boeing,reports,Industrials,Aerospace & Defense,"Chicago, Illinois",1957-03-04,12927,1916,24.488262,22.545637,68.16395845918368,30.509965993548388
BAC,Bank of America,reports,Financials,Diversified Banks,"Charlotte, North Carolina",1976-06-30,70858,1998 (1923 / 1874),20.565708,10.789953,68.16395845918368,30.509965993548388
BAX,Baxter International,reports,Health Care,Health Care Equipment,"Deerfield, Illinois",1972-09-30,10456,1931,59.377296,50.819565,68.16395845918368,30.509965993548388
BBWI,"Bath & Body Works, Inc.",reports,Consumer Discretionary,Specialty Stores,"Columbus, Ohio",1983-09-30,701985,1963,32.214874,12.257861,68.16395845918368,30.509965993548388
BBY,Best Buy,reports,Consumer Discretionary,Computer & Electronics Retail,"Richfield, Minnesota",1999-06-29,764478,1966,70.85272,39.739132,68.16395845918368,30.509965993548388
BDX,Becton Dickinson,reports,Health Care,Health Care Equipment,"Franklin Lakes, New Jersey",1972-09-30,10795,1897,63.205746,17.94837,68.16395845918368,30.509965993548388
BEN,Franklin Resources,reports,Financials,Asset Management & Custody Banks,"San Mateo, California",,38777,1947,24.662397,19.837994,19.941575787096774,15.928631149206348
BF.B,Brown–Forman,reports,Consumer Staples,Distillers & Vintners,"Louisville, Kentucky",1982-10-31,14693,1870,62.30332,58.65508,68.16395845918368,30.509965993548388
BIIB,Biogen,reports,Health Care,Biotechnology,"Cambridge, Massachusetts",2003-11-13,875045,1978,23.156511,16.859756,68.16395845918368,30.509965993548388
BIO,Bio-Rad Laboratories,reports,Health Care,Life Sciences Tools & Services,"Hercules, California",2020-06-22,12208,1952,335.17807,18.996893,68.16395845918368,30.509965993548388
BK,BNY Mellon,reports,Financials,Asset Management & Custody Banks,"New York City, New York",1995-03-31,1390777,1784,0,31.742014,68.16395845918368,30.509965993548388
BKNG,Booking Holdings,reports,Consumer Discretionary,Internet & Direct Marketing Retail,"Norwalk, Connecticut",2009-11-06,1075531,1996,0,54.587837,68.16395845918368,30.509965993548388
BKR,Baker Hughes,reports,Energy,Oil & Gas Equipment & Services,"Houston, Texas",2017-07-07,1701605,2017,13.309858,7.517045,68.16395845918368,30.509965993548388
BLK,BlackRock,reports,Financials,Asset Management & Custody Banks,"New York City, New York",2011-04-04,1364742,1988,9.673912,8.953799,68.16395845918368,30.509965993548388
BLL,Ball Corp,reports,Materials,Metal & Glass Containers,"Broomfield, Colorado",1984-10-31,9389,1880,0,14.864197,68.16395845918368,30.509965993548388
BMY,Bristol Myers Squibb,reports,Health Care,Health Care Distributors,"New York City, New York",1957-03-04,14272,1989,30.971106,28.510101,68.16395845918368,30.509965993548388
BR,Broadridge Financial Solutions,reports,Information Technology,Data Processing & Outsourced Services,"Lake Success, New York",2018-06-18,1383312,1962,753.4469,120.89068,68.16395845918368,30.509965993548388
BRK.B,Berkshire Hathaway,reports,Financials,Multi-Sector Holdings,"Omaha, Nebraska",2010-02-16,1067983,1839,8.196933,7.391557,68.16395845918368,30.509965993548388
BSX,Boston Scientific,reports,Health Care,Health Care Equipment,"Marlborough, Massachusetts[4]",1995-02-24,885725,1979,80.46512,40.705883,68.16395845918368,30.509965993548388
BWA,BorgWarner,reports,Consumer Discretionary,Auto Parts & Equipment,"Auburn Hills, Michigan",2011-12-19,908255,1880,33.5785,26.712769,68.16395845918368,30.509965993548388
BXP,Boston Properties,reports,Real Estate,Office REITs,"Boston, Massachusetts",2006-04-03,1037540,1970,0,11.011905,68.16395845918368,30.509965993548388
C,Citigroup,reports,Financials,Diversified Banks,"New York City, New York",1988-05-31,831001,1998,33.03009,22.79393,28.040879035714287,19.841330822580638
CAG,Conagra Brands,reports,Consumer Staples,Packaged Foods & Meats,"Chicago, Illinois",1983-08-31,23217,1919,0,11.854809,1747.4203619999996,16.465964200000005
CAH,Cardinal Health,reports,Health Care,Health Care Distributors,"Dublin, Ohio",1997-05-27,721371,1971,29.344875,27.338064,68.16395845918368,30.509965993548388
CARR,Carrier Global,reports,Industrials,Building Products,"Palm Beach Gardens, Florida",2020-04-03,1783180,2020 (1915),32.413174,22.936441,28.040879035714287,19.841330822580638
CAT,Caterpillar,reports,Industrials,Construction Machinery & Heavy Trucks,"Deerfield, Illinois",1957-03-04,18230,1925,13.703703,12.661596,28.040879035714287,19.841330822580638
CB,Chubb,reports,Financials,Property & Casualty Insurance,"Zurich, Switzerland",2010-07-15,896159,1985,14.54722,16.150942,28.040879035714287,19.841330822580638
CBOE,Cboe Global Markets,reports,Financials,Financial Exchanges & Data,"Chicago, Illinois",2017-03-01,1374310,1973,30.056358,27.003164,28.040879035714287,19.841330822580638
CBRE,CBRE,reports,Real Estate,Real Estate Services,"Dallas, Texas",2006-11-10,1138118,1906,20.464891,17.998297,28.040879035714287,19.841330822580638
CCI,Crown Castle,reports,Real Estate,Specialized REITs,"Houston, Texas",2012-03-14,1051470,1994,28.470589,13.170068,1747.4203619999996,16.465964200000005
CCL,Carnival Corporation,reports,Consumer Discretionary,"Hotels, Resorts & Cruise Lines","Miami, Florida",1998-12-22,815097,1972,9.089814,7.1636233,68.16395845918368,30.509965993548388
CDNS,Cadence Design Systems,reports,Information Technology,Application Software,"San Jose, California",2017-09-18,813672,1988,41.541813,28.719398,68.16395845918368,30.509965993548388
CDW,CDW,reports,Information Technology,Technology Distributors,"Lincolnshire, Illinois",2019-09-23,1402057,1984,22.53578,21.091028,28.040879035714287,19.841330822580638
CE,Celanese,reports,Materials,Specialty Chemicals,"Irving, Texas",2018-12-24,1306830,1918,28.50981,23.441399,28.040879035714287,19.841330822580638
CERN,Cerner,reports,Health Care,Health Care Technology,"North Kansas City, Missouri",2010-04-30,804753,1979,81.74208,13.582706,28.040879035714287,19.841330822580638
CF,CF Industries,reports,Materials,Fertilizers & Agricultural Chemicals,"Deerfield, Illinois",2008-08-27,1324404,1946,35.68421,19.557693,28.040879035714287,19.841330822580638
CFG,Citizens Financial Group,reports,Financials,Regional Banks,"Providence, Rhode Island",2016-01-29,759944,1828,26.401913,24.134455,28.040879035714287,19.841330822580638
CHD,Church & Dwight,reports,Consumer Staples,Household Products,"Ewing, New Jersey",2015-12-29,313927,1847,22.939394,19.410257,28.040879035714287,19.841330822580638
CHRW,C. H. Robinson,reports,Industrials,Air Freight & Logistics,"Eden Prairie, Minnesota",2007-03-02,1043277,1905,0,30.464136,68.16395845918368,30.509965993548388
CHTR,Charter Communications,reports,Communication Services,Cable & Satellite,"Stamford, Connecticut",2016-09-08,1091667,1993,20.787971,13.190789,28.040879035714287,19.841330822580638
CI,Cigna,reports,Health Care,Managed Health Care,"Bloomfield, Connecticut",1976-06-30,1739940,1982,20.011997,16.827238,28.040879035714287,19.841330822580638
CINF,Cincinnati Financial,reports,Financials,Property & Casualty Insurance,"Fairfield, Ohio",1997-12-18,20286,1950,34.133484,30.754152,28.040879035714287,19.841330822580638
CL,Colgate-Palmolive,reports,Consumer Staples,Household Products,"New York City, New York",1957-03-04,21665,1806,0,0,28.040879035714287,19.841330822580638
CLX,Clorox,reports,Consumer Staples,Household Products,"Oakland, California",1969-03-31,21076,1913,0,23.403614,28.040879035714287,19.841330822580638
CMA,Comerica,reports,Financials,Diversified Banks,"Dallas, Texas",1995-12-01,28412,1849,0,58.952385,1747.4203619999996,16.465964200000005
CMCSA,Comcast,reports,Communication Services,Cable & Satellite,"Philadelphia, Pennsylvania",2002-11-19,1166691,1963,15.936795,13.843138,28.040879035714287,19.841330822580638
CME,CME Group,reports,Financials,Financial Exchanges & Data,"Chicago, Illinois",2006-08-11,1156375,1848,20.69498,10.008299,28.040879035714287,19.841330822580638
CMG,Chipotle Mexican Grill,reports,Consumer Discretionary,Restaurants,"Newport Beach, California",2011-04-28,1058090,1993,0,10.787234,28.040879035714287,19.841330822580638
CMI,Cummins,reports,Industrials,Industrial Machinery,"Columbus, Indiana",1965-03-31,26172,1919,0,9.819355,1747.4203619999996,16.465964200000005
CMS,CMS Energy,reports,Utilities,Multi-Utilities,"Jackson, Michigan",1999-05-03,811156,1886,14.75134,13.2407,28.040879035714287,19.841330822580638
CNC,Centene Corporation,reports,Health Care,Managed Health Care,"St. Louis, Missouri",2016-03-30,1071739,1984,84.34207,44.616245,28.040879035714287,19.841330822580638
CNP,CenterPoint Energy,reports,Utilities,Multi-Utilities,"Houston, Texas",1985-07-31,1130310,1882,46.255238,41.158325,28.040879035714287,19.841330822580638
COF,Capital One Financial,reports,Financials,Consumer Finance,"Tysons Corner, Virginia",1998-07-01,927628,1994,20.280787,15.04762,68.16395845918368,30.509965993548388
COG,Cabot Oil & Gas,reports,Energy,Oil & Gas Exploration & Production,"Houston, Texas",2008-06-23,858470,1989,21.5446,15.095395,68.16395845918368,30.509965993548388
COO,The Cooper Companies,reports,Health Care,Health Care Supplies,"San Ramon, California",2016-09-23,711404,1958,11.69329,7.083871,1747.4203619999996,16.465964200000005
COP,ConocoPhillips,reports,Energy,Oil & Gas Exploration & Production,"Houston, Texas",1957-03-04,1163165,2002,0,8.232195,1747.4203619999996,16.465964200000005
COST,Costco,reports,Consumer Staples,Hypermarkets & Super Centers,"Issaquah, Washington",1993-10-01,909832,1976,0,12.973913,1747.4203619999996,16.465964200000005
CPB,Campbell Soup,reports,Consumer Staples,Packaged Foods & Meats,"Camden, New Jersey",1957-03-04,16732,1869,0,26.940678,68.16395845918368,30.509965993548388
CPRT,Copart,reports,Industrials,Diversified Support Services,"Dallas, Texas",2018-07-02,900075,1982,0,12.296214,1747.4203619999996,16.465964200000005
CRL,Charles River Laboratories,reports,Health Care,Life Sciences Tools & Services,"Wilmington, Massachusetts",2021-05-14,1100682,1947,25.653275,23.679945,28.040879035714287,19.841330822580638
CRM,Salesforce,reports,Information Technology,Application Software,"San Francisco, California",2008-09-15,1108524,1999,0,,68.79643625352108,28.86532113888889
CSCO,Cisco Systems,reports,Information Technology,Communications Equipment,"San Jose, California",1993-12-01,858877,1984,24.575563,21.77493,28.040879035714287,19.841330822580638
CSX,CSX,reports,Industrials,Railroads,"Jacksonville, Florida",1967-09-30,277948,1980,0,17.075472,1747.4203619999996,16.465964200000005
CTAS,Cintas Corporation,reports,Industrials,Diversified Support Services,"Mason, Ohio",2001-03-01,723254,1929,18.14768,14.958333,28.040879035714287,19.841330822580638
CTLT,Catalent,reports,Health Care,Pharmaceuticals,"Somerset, New Jersey",2020-09-21,1596783,2007,25.209877,21.494738,28.040879035714287,19.841330822580638
CTSH,Cognizant Technology Solutions,reports,Information Technology,IT Consulting & Other Services,"Teaneck, New Jersey",2006-11-17,1058290,1994,27.016233,25.446484,28.040879035714287,19.841330822580638
CTVA,Corteva,reports,Materials,Fertilizers & Agricultural Chemicals,"Wilmington, Delaware",2019-06-03,1755672,2019,0,20.802082,1747.4203619999996,16.465964200000005
CTXS,Citrix Systems,reports,Information Technology,Application Software,"Fort Lauderdale, Florida",1999-12-01,877890,1989,0,9.26834,28.040879035714287,19.841330822580638
CVS,CVS Health,reports,Health Care,Health Care Services,"Woonsocket, Rhode Island",1957-03-04,64803,1996,0,9.825513,1747.4203619999996,16.465964200000005
CVX,Chevron Corporation,reports,Energy,Integrated Oil & Gas,"San Ramon, California",1957-03-04,93410,1879,17.132792,15.0523815,28.040879035714287,19.841330822580638
CZR,Caesars Entertainment,reports,Consumer Discretionary,Casinos & Gaming,"Reno, Nevada",2021-03-22,1590895,1973,56.254047,22.073015,68.16395845918368,30.509965993548388
D,Dominion Energy,reports,Utilities,Electric Utilities,"Richmond, Virginia",,715957,1983,0,18.05862,19.941575787096774,15.928631149206348
DAL,Delta Air Lines,reports,Industrials,Airlines,"Atlanta, Georgia",2013-09-11,27904,1929,0,9.256633,1747.4203619999996,16.465964200000005
DD,DuPont,reports,Materials,Specialty Chemicals,"Wilmington, Delaware",2019-04-02,1666700,2017,10.355962,10.15444,19.941575787096774,15.928631149206348
DE,Deere & Co.,reports,Industrials,Agricultural & Farm Machinery,"Moline, Illinois",1957-03-04,315189,1837,0,-60.795456,1747.4203619999996,16.465964200000005
DFS,Discover Financial Services,reports,Financials,Consumer Finance,"Riverwoods, Illinois",2007-07-02,1393612,1985,34.23911,26.600693,19.941575787096774,15.928631149206348
DG,Dollar General,reports,Consumer Discretionary,General Merchandise Stores,"Goodlettsville, Tennessee",2012-12-03,29534,1939,15.8862,8.206081,19.941575787096774,15.928631149206348
DGX,Quest Diagnostics,reports,Health Care,Health Care Services,"Secaucus, New Jersey",2002-12-12,1022079,1967,45.008106,14.693122,68.79643625352108,28.86532113888889
DHI,D. R. Horton,reports,Consumer Discretionary,Homebuilding,"Arlington, Texas",2005-06-22,882184,1978,0,21.203594,1747.4203619999996,16.465964200000005
DHR,Danaher Corporation,reports,Health Care,Health Care Equipment,"Washington, D.C.",,313616,1969,10376.666,16.129534,1747.4203619999996,16.465964200000005
DIS,The Walt Disney Company,reports,Communication Services,Movies & Entertainment,"Burbank, California",1976-06-30,1744489,1923,77.47411,18.165049,27.990754239999998,18.13170546071429
DISCA,Discovery (Series A),reports,Communication Services,Broadcasting,"New York City, New York",2010-03-01,1437107,1985,12.034914,11.460958,19.941575787096774,15.928631149206348
DISCK,Discovery (Series C),reports,Communication Services,Broadcasting,"New York City, New York",2014-08-07,1437107,1985,31.225964,22.226236,19.941575787096774,15.928631149206348
DISH,Dish Network,reports,Communication Services,Cable & Satellite,"Meridian, Colorado",2017-03-13,1001082,1980,21.074467,13.374584,19.941575787096774,15.928631149206348
DLR,Digital Realty Trust,reports,Real Estate,Specialized REITs,"Austin, Texas",2016-05-18,1297996,2004,53.20625,47.452618,19.941575787096774,15.928631149206348
DLTR,Dollar Tree,reports,Consumer Discretionary,General Merchandise Stores,"Chesapeake, Virginia",2011-12-19,935703,1986,13.955885,12.571662,19.941575787096774,15.928631149206348
DOV,Dover Corporation,reports,Industrials,Industrial Machinery,"Downers Grove, Illinois",1985-10-31,29905,1955,12.096243,8.437562,19.941575787096774,15.928631149206348
DOW,Dow,reports,Materials,Commodity Chemicals,"Midland, Michigan",2019-04-01,1751788,2019,0,,19.941575787096774,15.928631149206348
DPZ,Domino's Pizza,reports,Consumer Discretionary,Restaurants,"Ann Arbor, Michigan",2020-05-12,1286681,1960,33.03862,23.257553,19.941575787096774,15.928631149206348
DRE,Duke Realty Corp,reports,Real Estate,Industrial REITs,"Indianapolis, Indiana",2017-07-26,783280,1972,11.487556,10.309645,19.941575787096774,15.928631149206348
DRI,Darden Restaurants,reports,Consumer Discretionary,Restaurants,"Orlando, Florida",,940944,1938,26.402954,20.349594,1747.4203619999996,16.465964200000005
DTE,DTE Energy,reports,Utilities,Multi-Utilities,"Detroit, Michigan",1957-03-04,936340,1995,17.779144,16.17226,19.941575787096774,15.928631149206348
DUK,Duke Energy,reports,Utilities,Electric Utilities,"Charlotte, North Carolina",1976-06-30,1326160,1904,18.479631,5.910092,19.941575787096774,15.928631149206348
DVA,DaVita,reports,Health Care,Health Care Facilities,"Denver, Colorado",2008-07-31,927066,1979,0,14.007092,1747.4203619999996,16.465964200000005
DVN,Devon Energy,reports,Energy,Oil & Gas Exploration & Production,"Oklahoma City, Oklahoma",2000-08-30,1090012,1971,21.202166,15.761494,1747.4203619999996,16.465964200000005
DXC,DXC Technology,reports,Information Technology,IT Consulting & Other Services,"Tysons Corner, Virginia",2017-04-04,1688568,2017,12.871158,11.551906,19.941575787096774,15.928631149206348
DXCM,DexCom,reports,Health Care,Health Care Equipment,"San Diego, California",2020-05-12,1093557,1999,21.10969,16.943506,19.941575787096774,15.928631149206348
EA,Electronic Arts,reports,Communication Services,Interactive Home Entertainment,"Redwood City, California",2002-07-22,712515,1982,11.483413,10.249535,19.941575787096774,15.928631149206348
EBAY,eBay,reports,Consumer Discretionary,Internet & Direct Marketing Retail,"San Jose, California",2002-07-22,1065088,1995,6.134061,4.3722224,19.941575787096774,15.928631149206348
ECL,Ecolab,reports,Materials,Specialty Chemicals,"Saint Paul, Minnesota",1989-01-31,31462,1923,35.904,25.583063,19.941575787096774,15.928631149206348
ED,Consolidated Edison,reports,Utilities,Electric Utilities,"New York City, New York",,1047862,1823,0,,1747.4203619999996,16.465964200000005
EFX,Equifax,reports,Industrials,Research & Consulting Services,"Atlanta, Georgia",1997-06-19,33185,1899,6.3590484,10.176923,19.941575787096774,15.928631149206348
EIX,Edison International,reports,Utilities,Electric Utilities,"Rosemead, California",1957-03-04,827052,1886,19.614891,9.317073,19.941575787096774,15.928631149206348
EL,Estée Lauder Companies,reports,Consumer Staples,Personal Products,"New York City, New York",2006-01-05,1001250,1946,12.697023,10.283689,19.941575787096774,15.928631149206348
EMN,Eastman Chemical,reports,Materials,Diversified Chemicals,"Kingsport, Tennessee",1994-01-01,915389,1920,12.366939,13.0359535,19.941575787096774,15.928631149206348
EMR,Emerson Electric Company,reports,Industrials,Electrical Components & Equipment,"Ferguson, Missouri",1965-03-31,32604,1890,14.703498,10.334332,19.941575787096774,15.928631149206348
ENPH,Enphase Energy,reports,Information Technology,Electronic Components,"Fremont, California",2021-01-07,1463101,2006,31.312935,11.346025,19.941575787096774,15.928631149206348
EOG,EOG Resources,reports,Energy,Oil & Gas Exploration & Production,"Houston, Texas",2000-11-02,821189,1999,15.286355,13.2540045,19.941575787096774,15.928631149206348
EQIX,Equinix,reports,Real Estate,Specialized REITs,"Redwood City, California",2015-03-20,1101239,1998,14.346069,12.089783,19.941575787096774,15.928631149206348
EQR,Equity Residential,reports,Real Estate,Residential REITs,"Chicago, Illinois",2001-12-03,906107,1969,30.090597,24.88889,19.941575787096774,15.928631149206348
ES,Eversource Energy,reports,Utilities,Multi-Utilities,"Hartford, Connecticut",,72741,1966,14.013269,10.642186,19.941575787096774,15.928631149206348
ESS,Essex Property Trust,reports,Real Estate,Residential REITs,"San Mateo, California",2014-04-02,920522,1971,9.362052,8.281553,19.941575787096774,15.928631149206348
ETN,Eaton Corporation,reports,Industrials,Electrical Components & Equipment,"Dublin, Ireland",,1551182,1911,9.574991,10.719411,19.941575787096774,15.928631149206348
ETR,Entergy,reports,Utilities,Electric Utilities,"New Orleans, Louisiana",1957-03-04,65984,1913,32.335167,13.187675,19.941575787096774,15.928631149206348
ETSY,Etsy,reports,Consumer Discretionary,Internet & Direct Marketing Retail,"Brooklyn, New York",2020-09-21,1370637,2005,30.812378,12.068182,19.941575787096774,15.928631149206348
EVRG,Evergy,reports,Utilities,Electric Utilities,"Kansas City, Missouri",2018-06-05,1711269,1909,43.870842,31.991386,19.941575787096774,15.928631149206348
EW,Edwards Lifesciences,reports,Health Care,Health Care Equipment,"Irvine, California",2011-04-01,1099800,1958,27.452879,18.405495,19.941575787096774,15.928631149206348
EXC,Exelon,reports,Utilities,Multi-Utilities,"Chicago, Illinois",1957-03-04,1109357,2000,12.833662,9.908629,19.941575787096774,15.928631149206348
EXPD,Expeditors,reports,Industrials,Air Freight & Logistics,"Seattle, Washington",2007-10-10,746515,1979,9.810759,13.779001,19.941575787096774,15.928631149206348
EXPE,Expedia Group,reports,Consumer Discretionary,Internet & Direct Marketing Retail,"Seattle, Washington",2007-10-02,1324424,1996,18.974861,14.5,19.941575787096774,15.928631149206348
EXR,Extra Space Storage,reports,Real Estate,Specialized REITs,"Salt Lake City, Utah",2016-01-19,1289490,1977,17.57218,16.1035,19.941575787096774,15.928631149206348
F,Ford,reports,Consumer Discretionary,Automobile Manufacturers,"Dearborn, Michigan",1957-03-04,37996,1903,6.0708604,25.379156,19.941575787096774,15.928631149206348
FANG,Diamondback Energy,reports,Energy,Oil & Gas Exploration & Production,"Midland, Texas",2018-12-03,1539838,2007,11.569425,13.112903,19.941575787096774,15.928631149206348
FAST,Fastenal,reports,Industrials,Building Products,"Winona, Minnesota",2008-09-15,815556,1967,14.86848,7.696154,19.941575787096774,15.928631149206348
FB,Facebook,reports,Communication Services,Interactive Media & Services,"Menlo Park, California",2013-12-23,1326801,2004,14.365865,13.833463,19.941575787096774,15.928631149206348
FBHS,Fortune Brands Home & Security,reports,Industrials,Building Products,"Deerfield, Illinois",2016-06-22,1519751,2011 (1969),13.589094,8.937154,19.941575787096774,15.928631149206348
FCX,Freeport-McMoRan,reports,Materials,Copper,"Phoenix, Arizona",,831259,1912,34.56327,30.483952,19.941575787096774,15.928631149206348
FDX,FedEx,reports,Industrials,Air Freight & Logistics,"Memphis, Tennessee",1980-12-31,1048911,1971,10.641156,9.120991,19.941575787096774,15.928631149206348
FE,FirstEnergy,reports,Utilities,Electric Utilities,"Akron, Ohio",,1031296,1997,13.698517,10.36783,19.941575787096774,15.928631149206348
FFIV,F5 Networks,reports,Information Technology,Communications Equipment,"Seattle, Washington",2010-12-20,1048695,1996,27.220636,25.512344,19.941575787096774,15.928631149206348
FIS,Fidelity National Information Services,reports,Information Technology,Data Processing & Outsourced Services,"Jacksonville, Florida",2006-11-10,1136893,1968,11.982085,13.907372,19.941575787096774,15.928631149206348
FISV,Fiserv,reports,Information Technology,Data Processing & Outsourced Services,"Brookfield, Wisconsin",2001-04-02,798354,1984,10.46655,8.492857,19.941575787096774,15.928631149206348
FITB,Fifth Third Bancorp,reports,Financials,Regional Banks,"Cincinnati, Ohio",,35527,1858,13.318218,11.022075,19.941575787096774,15.928631149206348
FLT,Fleetcor,reports,Information Technology,Data Processing & Outsourced Services,"Norcross, Georgia",2018-06-20,1175454,2000,17.227468,12.906753,19.941575787096774,15.928631149206348
FMC,FMC Corporation,reports,Materials,Fertilizers & Agricultural Chemicals,"Philadelphia, Pennsylvania",2009-08-19,37785,1883,11.982033,9.971962,19.941575787096774,15.928631149206348
FOX,Fox Corporation (Class B),reports,Communication Services,Movies & Entertainment,"New York City, New York",2015-09-18,1754301,2019,0,0,19.941575787096774,15.928631149206348
FOXA,Fox Corporation (Class A),reports,Communication Services,Movies & Entertainment,"New York City, New York",2013-07-01,1754301,2019,20.005596,23.650972,19.941575787096774,15.928631149206348
FRC,First Republic Bank,reports,Financials,Regional Banks,"San Francisco, California",2019-01-02,1132979,1985,83.2774,59.68085,19.941575787096774,15.928631149206348
FRT,Federal Realty Investment Trust,reports,Real Estate,Retail REITs,"Rockville, Maryland",2016-02-01,34903,1962,8.368794,15.787308,19.941575787096774,15.928631149206348
FTNT,Fortinet,reports,Information Technology,Systems Software,"Sunnyvale, California",2018-10-11,1262039,2000,35.521576,25.724184,19.941575787096774,15.928631149206348
FTV,Fortive,reports,Industrials,Industrial Machinery,"Everett, Washington",2016-07-01,1659166,2016,31.626017,26.901798,19.941575787096774,15.928631149206348
GD,General Dynamics,reports,Industrials,Aerospace & Defense,"Falls Church, Virginia",1957-03-04,40533,1899,0,14.958042,57.641993440677986,29.2056987015873
GE,General Electric,reports,Industrials,Industrial Conglomerates,"Boston, Massachusetts",,40545,1892,80.6717,57.661102,57.641993440677986,29.2056987015873
GILD,Gilead Sciences,reports,Health Care,Biotechnology,"Foster City, California",2004-07-01,882095,1987,31.907381,15.464443,57.641993440677986,29.2056987015873
GIS,General Mills,reports,Consumer Staples,Packaged Foods & Meats,"Golden Valley, Minnesota",1969-03-31,40704,1856,105.80966,65.09303,57.641993440677986,29.2056987015873
GL,Globe Life,reports,Financials,Life & Health Insurance,"McKinney, Texas",1989-04-30,320335,1900,19.348598,29.991896,57.641993440677986,29.2056987015873
GLW,Corning,reports,Information Technology,Electronic Components,"Corning, New York",,24741,1851,0,17.42029,1747.4203619999996,16.465964200000005
GM,General Motors,reports,Consumer Discretionary,Automobile Manufacturers,"Detroit, Michigan",2013-06-06,1467858,1908,40.05873,35.99454,57.641993440677986,29.2056987015873
GNRC,Generac Holdings,reports,Industrials,Electrical Components & Equipment,"Waukesha, Wisconsin",2021-03-22,1474735,1959,123.69048,26.343815,57.641993440677986,29.2056987015873
GOOG,Alphabet (Class C),reports,Communication Services,Interactive Media & Services,"Mountain View, California",2006-04-03,1652044,1998,0,34.591633,27.782952823529406,26.622368313636358
GOOGL,Alphabet (Class A),reports,Communication Services,Interactive Media & Services,"Mountain View, California",2014-04-03,1652044,1998,22.552986,17.151598,27.782952823529406,26.622368313636358
GPC,Genuine Parts,reports,Consumer Discretionary,Specialty Stores,"Atlanta, Georgia",1973-12-31,40987,1925,53.448273,16.613453,57.641993440677986,29.2056987015873
GPN,Global Payments,reports,Information Technology,Data Processing & Outsourced Services,"Atlanta, Georgia",2016-04-25,1123360,2000,101.53971,60.359722,57.641993440677986,29.2056987015873
GPS,Gap,reports,Consumer Discretionary,Apparel Retail,"San Francisco, California",1986-08-31,39911,1969,13.185089,14.400001,19.941575787096774,15.928631149206348
GRMN,Garmin,reports,Consumer Discretionary,Consumer Electronics,"Schaffhausen, Switzerland",2012-12-12,1121788,1989,30.37101,20.405798,19.941575787096774,15.928631149206348
GS,Goldman Sachs,reports,Financials,Investment Banking & Brokerage,"New York City, New York",2002-07-22,886982,1869,22.264439,12.702312,57.641993440677986,29.2056987015873
GWW,W. W. Grainger,reports,Industrials,Industrial Machinery,"Lake Forest, Illinois",1981-06-30,277135,1927,65.059395,25.726845,57.641993440677986,29.2056987015873
HAL,Halliburton,reports,Energy,Oil & Gas Equipment & Services,"Houston, Texas",1957-03-04,45012,1919,0,,57.641993440677986,29.2056987015873
HAS,Hasbro,reports,Consumer Discretionary,Leisure Products,"Pawtucket, Rhode Island",1984-09-30,46080,1923,26.016613,10.784431,57.641993440677986,29.2056987015873
HBAN,Huntington Bancshares,reports,Financials,Regional Banks,"Columbus, Ohio; Detroit, Michigan",,49196,1866,54.27224,39.714005,57.641993440677986,29.2056987015873
HBI,Hanesbrands,reports,Consumer Discretionary,"Apparel, Accessories & Luxury Goods","Winston-Salem, North Carolina",2015-03-20,1359841,2000,0,10.749602,57.641993440677986,29.2056987015873
HCA,HCA Healthcare,reports,Health Care,Health Care Facilities,"Nashville, Tennessee",2015-01-27,860730,1968,30.525337,30.731003,57.641993440677986,29.2056987015873
HD,Home Depot,reports,Consumer Discretionary,Home Improvement Retail,"Atlanta, Georgia",1988-03-31,354950,1978,10.837361,18.25047,57.641993440677986,29.2056987015873
HES,Hess Corporation,reports,Energy,Integrated Oil & Gas,"New York City, New York",1984-05-31,4447,1919,28.95778,15.7322445,57.641993440677986,29.2056987015873
HIG,The Hartford,reports,Financials,Property & Casualty Insurance,"Hartford, Connecticut",1957-03-04,874766,1810,48.462406,20.494436,57.641993440677986,29.2056987015873
HII,Huntington Ingalls Industries,reports,Industrials,Aerospace & Defense,"Newport News, Virginia",2018-01-03,1501585,2011,46.464615,40.119884,57.641993440677986,29.2056987015873
HLT,Hilton Worldwide,reports,Consumer Discretionary,"Hotels, Resorts & Cruise Lines","Tysons Corner, Virginia",2017-06-19,1585689,1919,23.237436,19.12494,57.641993440677986,29.2056987015873
HOLX,Hologic,reports,Health Care,Health Care Equipment,"Marlborough, Massachusetts",2016-03-30,859737,1985,12.351594,11.889795,57.641993440677986,29.2056987015873
HON,Honeywell,reports,Industrials,Industrial Conglomerates,"Charlotte, North Carolina",1964-03-31,773840,1906,92.195595,52.450912,57.641993440677986,29.2056987015873
HPE,Hewlett Packard Enterprise,reports,Information Technology,"Technology Hardware, Storage & Peripherals","Houston, Texas",2015-11-02,1645590,2015,34.176647,26.54651,57.641993440677986,29.2056987015873
HPQ,HP,reports,Information Technology,"Technology Hardware, Storage & Peripherals","Palo Alto, California",1974-12-31,47217,1939 (2015),46.589634,25.926685,57.641993440677986,29.2056987015873
HRL,Hormel,reports,Consumer Staples,Packaged Foods & Meats,"Austin, Minnesota",2009-03-04,48465,1891,18.420065,16.148241,57.641993440677986,29.2056987015873
HSIC,Henry Schein,reports,Health Care,Health Care Distributors,"Melville, New York",2015-03-17,1000228,1932,295.38873,23.771305,57.641993440677986,29.2056987015873
HST,Host Hotels & Resorts,reports,Real Estate,Hotel & Resort REITs,"Bethesda, Maryland",2007-03-20,1070750,1993,11.586495,19.136593,57.641993440677986,29.2056987015873
HSY,The Hershey Company,reports,Consumer Staples,Packaged Foods & Meats,"Hershey, Pennsylvania",1957-03-04,47111,1894,73.61788,26.271759,57.641993440677986,29.2056987015873
HUM,Humana,reports,Health Care,Managed Health Care,"Louisville, Kentucky",,49071,1961,17.564579,14.824617,57.641993440677986,29.2056987015873
HWM,Howmet Aerospace,reports,Industrials,Aerospace & Defense,"Pittsburgh, Pennsylvania",1964-03-31,4281,2016,0,,57.641993440677986,29.2056987015873
IBM,IBM,reports,Information Technology,IT Consulting & Other Services,"Armonk, New York",1957-03-04,51143,1911,19.298311,16.956665,57.641993440677986,29.2056987015873
ICE,Intercontinental Exchange,reports,Financials,Financial Exchanges & Data,"Atlanta, Georgia",2007-09-26,1571949,2000,0,7.51875,57.641993440677986,29.2056987015873
IDXX,Idexx Laboratories,reports,Health Care,Health Care Equipment,"Westbrook, Maine",2017-01-05,874716,1983,45.759087,19.5881,57.641993440677986,29.2056987015873
IEX,IDEX Corporation,reports,Industrials,Industrial Machinery,"Lake Forest, Illinois",2019-08-09,832101,1988,5.782207,62.501198,57.641993440677986,29.2056987015873
IFF,International Flavors & Fragrances,reports,Materials,Specialty Chemicals,"New York City, New York",1976-03-31,51253,1958 (1889),0,11.6482,57.641993440677986,29.2056987015873
ILMN,Illumina,reports,Health Care,Life Sciences Tools & Services,"San Diego, California",2015-11-19,1110803,1998,314.2553,24.081522,57.641993440677986,29.2056987015873
INCY,Incyte,reports,Health Care,Biotechnology,"Wilmington, Delaware",2017-02-28,879169,1991,9.132559,29.447388,57.641993440677986,29.2056987015873
INFO,IHS Markit,reports,Industrials,Research & Consulting Services,"London, England",2017-06-02,1598014,1959,39.15459,20.161692,57.641993440677986,29.2056987015873
INTC,Intel,reports,Information Technology,Semiconductors,"Santa Clara, California",1976-12-31,50863,1968,109.590775,171.2973,57.641993440677986,29.2056987015873
INTU,Intuit,reports,Information Technology,Application Software,"Mountain View, California",2000-12-05,896878,1983,8.681395,8.736591,57.641993440677986,29.2056987015873
IP,International Paper,reports,Materials,Paper Packaging,"Memphis, Tennessee",1957-03-04,51434,1898,22.516125,13.350877,57.641993440677986,29.2056987015873
IPG,Interpublic Group,reports,Communication Services,Advertising,"New York City, New York",1992-10-01,51644,1961 (1930),21.737324,11.96038,57.641993440677986,29.2056987015873
IPGP,IPG Photonics,reports,Information Technology,Electronic Manufacturing Services,"Oxford, Massachusetts",2018-03-07,1111928,1990,50.915802,35.697136,57.641993440677986,29.2056987015873
IQV,IQVIA,reports,Health Care,Life Sciences Tools & Services,"Durham, North Carolina",2017-08-29,1478242,1982,35.31831,26.90558,57.641993440677986,29.2056987015873
IR,Ingersoll Rand,reports,Industrials,Industrial Machinery,"Milwaukee, Wisconsin",2020-03-03,1699150,1859,14.221014,16.267776,57.641993440677986,29.2056987015873
IRM,Iron Mountain,reports,Real Estate,Specialized REITs,"Boston, Massachusetts",2009-01-06,1020569,1951,29.049623,7.7105227,57.641993440677986,29.2056987015873
ISRG,Intuitive Surgical,reports,Health Care,Health Care Equipment,"Sunnyvale, California",2008-06-02,1035267,1995,116.04616,70.97204,57.641993440677986,29.2056987015873
IT,Gartner,reports,Information Technology,IT Consulting & Other Services,"Stamford, Connecticut",2017-04-05,749251,1979,86.40715,73.7879,57.641993440677986,29.2056987015873
ITW,Illinois Tool Works,reports,Industrials,Industrial Machinery,"Glenview, Illinois",1986-02-28,49826,1912,297.41666,10.75,57.641993440677986,29.2056987015873
IVZ,Invesco,reports,Financials,Asset Management & Custody Banks,"Atlanta, Georgia",2008-08-21,914208,1935,14.934997,10.115803,57.641993440677986,29.2056987015873
J,Jacobs Engineering Group,reports,Industrials,Construction & Engineering,"Dallas, Texas",2007-10-26,52988,1947,102.72916,65.0618,57.641993440677986,29.2056987015873
JBHT,J. B. Hunt,reports,Industrials,Trucking,"Lowell, Arkansas",2015-07-01,728535,1961,53.899628,36.022915,57.641993440677986,29.2056987015873
JCI,Johnson Controls,reports,Industrials,Building Products,"Cork, Ireland",2010-08-27,833444,1885,15.032243,11.022767,57.641993440677986,29.2056987015873
JKHY,Jack Henry & Associates,reports,Information Technology,Data Processing & Outsourced Services,"Monett, Missouri",2018-11-13,779152,1976,13.059396,8.24071,57.641993440677986,29.2056987015873
JNJ,Johnson & Johnson,reports,Health Care,Pharmaceuticals,"New Brunswick, New Jersey",1973-06-30,200406,1886,25.04399,17.62844,57.641993440677986,29.2056987015873
JNPR,Juniper Networks,reports,Information Technology,Communications Equipment,"Sunnyvale, California",2006-06-02,1043604,1996,60.61108,38.947643,57.641993440677986,29.2056987015873
JPM,JPMorgan Chase,reports,Financials,Diversified Banks,"New York City, New York",1975-06-30,19617,2000 (1799 / 1871),27.93262,20.099173,57.641993440677986,29.2056987015873
K,Kellogg's,reports,Consumer Staples,Packaged Foods & Meats,"Battle Creek, Michigan",1989-09-11,55067,1906,88.70274,47.484127,57.641993440677986,29.2056987015873
KEY,KeyCorp,reports,Financials,Regional Banks,"Cleveland, Ohio",1994-03-01,91576,1825,18.721596,12.615624,57.641993440677986,29.2056987015873
KEYS,Keysight Technologies,reports,Information Technology,Electronic Equipment & Instruments,"Santa Rosa, California",2018-11-06,1601046,2014,82.358376,54.489445,57.641993440677986,29.2056987015873
KHC,Kraft Heinz,reports,Consumer Staples,Packaged Foods & Meats,"Chicago, Illinois; Pittsburgh, Pennsylvania",2015-07-06,1637459,2015 (1869),30.428108,21.901161,35.59913745000001,24.979471544117644
KIM,Kimco Realty,reports,Real Estate,Retail REITs,"New Hyde Park, New York",2006-04-04,879101,1958,33.702736,23.313885,35.59913745000001,24.979471544117644
KLAC,KLA Corporation,reports,Information Technology,Semiconductor Equipment,"Milpitas, California",,319201,1975/1977 (1997),11.538508,13.159451,35.59913745000001,24.979471544117644
KMB,Kimberly-Clark,reports,Consumer Staples,Household Products,"Irving, Texas",1957-03-04,55785,1872,14.997667,13.936417,57.641993440677986,29.2056987015873
KMI,Kinder Morgan,reports,Energy,Oil & Gas Storage & Transportation,"Houston, Texas",2012-05-25,1506307,1997,43.3669,38.72923,35.59913745000001,24.979471544117644
KMX,CarMax,reports,Consumer Discretionary,Specialty Stores,"Richmond, Virginia",2010-06-28,1170010,1993,22.784685,17.598146,68.16395845918368,30.509965993548388
KO,Coca-Cola Company,reports,Consumer Staples,Soft Drinks,"Atlanta, Georgia",1957-03-04,21344,1886,12.98916,11.666152,28.040879035714287,19.841330822580638
KR,Kroger,reports,Consumer Staples,Food Retail,"Cincinnati, Ohio",1957-03-04,56873,1883,24.217226,16.72919,35.59913745000001,24.979471544117644
KSU,Kansas City Southern,reports,Industrials,Railroads,"Kansas City, Missouri",2013-05-24,54480,1887,10.538313,18.536232,57.641993440677986,29.2056987015873
L,Loews Corporation,reports,Financials,Multi-line Insurance,"New York City, New York",,60086,1959,79.736534,40.59756,35.59913745000001,24.979471544117644
LDOS,Leidos,reports,Industrials,Diversified Support Services,"Reston, Virginia",2019-08-09,1336920,1969,12.834468,13.614062,35.59913745000001,24.979471544117644
LEG,Leggett & Platt,reports,Consumer Discretionary,Home Furnishings,"Carthage, Missouri",1999-10-14,58492,1883,23.499725,16.370798,35.59913745000001,24.979471544117644
LEN,Lennar,reports,Consumer Discretionary,Homebuilding,"Miami, Florida",2005-10-04,920760,1954,0,10.193627,35.59913745000001,24.979471544117644
LH,LabCorp,reports,Health Care,Health Care Services,"Burlington, North Carolina",2004-11-01,920148,1978,0,,35.59913745000001,24.979471544117644
LHX,L3Harris Technologies,reports,Industrials,Aerospace & Defense,"Melbourne, Florida",2008-09-22,202058,2019 (1895),19.556759,11.217514,35.59913745000001,24.979471544117644
LIN,Linde,reports,Materials,Industrial Gases,"Guildford, England",1992-07-01,1707925,1879,40.99688,36.73028,35.59913745000001,24.979471544117644
LKQ,LKQ Corporation,reports,Consumer Discretionary,Distributors,"Chicago, Illinois",2016-05-23,1065696,1998,17.022882,15.090391,35.59913745000001,24.979471544117644
LLY,Eli Lilly & Co,reports,Health Care,Pharmaceuticals,"Indianapolis, Indiana",1970-12-31,59478,1876,26.519045,18.354023,35.59913745000001,24.979471544117644
LMT,Lockheed Martin,reports,Industrials,Aerospace & Defense,"Bethesda, Maryland",1984-07-31,936468,1995,0,,35.59913745000001,24.979471544117644
LNC,Lincoln National,reports,Financials,Multi-line Insurance,"Radnor, Pennsylvania",1976-06-30,59558,1905,12.033272,11.354651,35.59913745000001,24.979471544117644
LNT,Alliant Energy,reports,Utilities,Electric Utilities,"Madison, Wisconsin",2016-07-01,352541,1917,28.536345,20.602837,27.782952823529406,26.622368313636358
LOW,Lowe's,reports,Consumer Discretionary,Home Improvement Retail,"Mooresville, North Carolina",1984-02-29,60667,1904/1946/1959,41.91803,28.15046,35.59913745000001,24.979471544117644
LRCX,Lam Research,reports,Information Technology,Semiconductor Equipment,"Fremont, California",2012-06-29,707549,1980,30.596418,15.932556,35.59913745000001,24.979471544117644
LUMN,Lumen Technologies,reports,Communication Services,Alternative Carriers,"Monroe, Louisiana",1999-03-25,18926,1983 (1877),0,11.174954,35.59913745000001,24.979471544117644
LUV,Southwest Airlines,reports,Industrials,Airlines,"Dallas, Texas",1994-07-01,92380,1967,12.329989,12.473684,26.247335639999996,18.573692857142856
LVS,Las Vegas Sands,reports,Consumer Discretionary,Casinos & Gaming,"Las Vegas, Nevada",2019-10-03,1300514,1988,17.498617,11.876741,35.59913745000001,24.979471544117644
LW,Lamb Weston,reports,Consumer Staples,Packaged Foods & Meats,"Eagle, Idaho",2018-12-03,1679273,2016 (1950),47.295185,33.71932,35.59913745000001,24.979471544117644
LYB,LyondellBasell,reports,Materials,Specialty Chemicals,"Rotterdam, Netherlands",2012-09-05,1489393,2007,39.807518,18.095833,35.59913745000001,24.979471544117644
LYV,Live Nation Entertainment,reports,Communication Services,Movies & Entertainment,"Beverly Hills, California",2019-12-23,1335258,2010,8.461321,6.020161,35.59913745000001,24.979471544117644
MA,Mastercard,reports,Information Technology,Data Processing & Outsourced Services,"Harrison, New York",2008-07-18,1141391,1966,0,,35.59913745000001,24.979471544117644
MAA,Mid-America Apartments,reports,Real Estate,Residential REITs,"Memphis, Tennessee",2016-12-02,912595,1977,34.954987,22.235682,35.59913745000001,24.979471544117644
MAR,Marriott International,reports,Consumer Discretionary,"Hotels, Resorts & Cruise Lines","Bethesda, Maryland",,1048286,1927,31.290106,16.04329,35.59913745000001,24.979471544117644
MAS,Masco,reports,Industrials,Building Products,"Livonia, Michigan",1981-06-30,62996,1929,34.45093,24.739048,35.59913745000001,24.979471544117644
MCD,McDonald's,reports,Consumer Discretionary,Restaurants,"Chicago, Illinois",1970-06-30,63908,1940,0,,35.59913745000001,24.979471544117644
MCHP,Microchip Technology,reports,Information Technology,Semiconductors,"Chandler, Arizona",2007-09-07,827054,1989,48.87817,28.631676,35.59913745000001,24.979471544117644
MCK,McKesson Corporation,reports,Health Care,Health Care Distributors,"Irving, Texas",,927653,1833,37.072914,18.526596,35.59913745000001,24.979471544117644
MCO,Moody's Corporation,reports,Financials,Financial Exchanges & Data,"New York City, New York",,1059556,1909,0,,35.59913745000001,24.979471544117644
MDLZ,Mondelez International,reports,Consumer Staples,Packaged Foods & Meats,"Chicago, Illinois",2012-10-02,1103982,2012,18.4036,16.982058,35.59913745000001,24.979471544117644
MDT,Medtronic,reports,Health Care,Health Care Equipment,"Dublin, Ireland",1986-10-31,1613103,1949,40.012173,27.582312,35.59913745000001,24.979471544117644
MET,MetLife,reports,Financials,Life & Health Insurance,"New York City, New York",,1099219,1868,18.469118,14.988458,35.59913745000001,24.979471544117644
MGM,MGM Resorts International,reports,Consumer Discretionary,Casinos & Gaming,"Paradise, Nevada",2017-07-26,789570,1986,19.758411,17.328712,35.59913745000001,24.979471544117644
MHK,Mohawk Industries,reports,Consumer Discretionary,Home Furnishings,"Calhoun, Georgia",2013-12-23,851968,1878,231.62372,36.638905,35.59913745000001,24.979471544117644
MKC,McCormick & Company,reports,Consumer Staples,Packaged Foods & Meats,"Hunt Valley, Maryland",2003-03-20,63754,1889,23.78782,20.020185,35.59913745000001,24.979471544117644
MKTX,MarketAxess,reports,Financials,Financial Exchanges & Data,"New York City, New York",2019-07-01,1278021,2000,27.264128,14.478862,35.59913745000001,24.979471544117644
MLM,Martin Marietta Materials,reports,Materials,Construction Materials,"Raleigh, North Carolina",2014-07-02,916076,1993,25.633493,18.204964,35.59913745000001,24.979471544117644
MMC,Marsh & McLennan,reports,Financials,Insurance Brokers,"New York City, New York",1987-08-31,62709,1905,0,19.274263,35.59913745000001,24.979471544117644
MMM,3M,reports,Industrials,Industrial Conglomerates,"Saint Paul, Minnesota",1976-08-09,66740,1902,33.354374,15.740427,27.782952823529406,26.622368313636358
MNST,Monster Beverage,reports,Consumer Staples,Soft Drinks,"Corona, California",2012-06-28,865752,2012 (1935),53.271137,31.34606,35.59913745000001,24.979471544117644
MO,Altria Group,reports,Consumer Staples,Tobacco,"Richmond, Virginia",1957-03-04,764180,1985,0,,27.782952823529406,26.622368313636358
MOS,The Mosaic Company,reports,Materials,Fertilizers & Agricultural Chemicals,"Tampa, Florida",2011-09-26,1285785,2004 (1865 / 1909),30.299278,16.847958,35.59913745000001,24.979471544117644
MPC,Marathon Petroleum,reports,Energy,Oil & Gas Refining & Marketing,"Findlay, Ohio",2011-07-01,1510295,2009 (1887),0,27.166796,35.59913745000001,24.979471544117644
MPWR,Monolithic Power Systems,reports,Information Technology,Semiconductors,"Kirkland, Washington",2021-02-12,1280452,1997,20.17082,11.24595,35.59913745000001,24.979471544117644
MRK,Merck & Co.,reports,Health Care,Pharmaceuticals,"Kenilworth, New Jersey",1957-03-04,310158,1891,0,41.56705,35.59913745000001,24.979471544117644
MRNA,Moderna,reports,Health Care,Biotechnology,"Cambridge, Massachusetts",2021-07-21,1682852,2010,39.147797,29.500002,35.59913745000001,24.979471544117644
MRO,Marathon Oil,reports,Energy,Oil & Gas Exploration & Production,"Houston, Texas",1991-05-01,101778,1887,47.80465,34.959183,35.59913745000001,24.979471544117644
MS,Morgan Stanley,reports,Financials,Investment Banking & Brokerage,"New York City, New York",,895421,1935,17.613636,15.777688,35.59913745000001,24.979471544117644
MSCI,MSCI,reports,Financials,Financial Exchanges & Data,"New York City, New York",2018-04-04,1408198,1969,21.03565,15.258593,35.59913745000001,24.979471544117644
MSFT,Microsoft,reports,Information Technology,Systems Software,"Redmond, Washington",1994-06-01,789019,1975,22.253834,30.68496,35.59913745000001,24.979471544117644
MSI,Motorola Solutions,reports,Information Technology,Communications Equipment,"Chicago, Illinois",,68505,1928 (2011),26.93935,21.803652,35.59913745000001,24.979471544117644
MTB,M&T Bank,reports,Financials,Regional Banks,"Buffalo, New York",2004-02-23,36270,1856,27.354967,23.144758,35.59913745000001,24.979471544117644
MTD,Mettler Toledo,reports,Health Care,Life Sciences Tools & Services,"Columbus, Ohio",2016-09-06,1037646,1945,0,16.33871,35.59913745000001,24.979471544117644
MU,Micron Technology,reports,Information Technology,Semiconductors,"Boise, Idaho",1994-09-27,723125,1978,59.587303,54.4058,35.59913745000001,24.979471544117644
NCLH,Norwegian Cruise Line Holdings,reports,Consumer Discretionary,"Hotels, Resorts & Cruise Lines","Miami, Florida",2017-10-13,1513761,2011 (1966),91.731636,34.66572,35.59913745000001,24.979471544117644
NDAQ,Nasdaq,reports,Financials,Financial Exchanges & Data,"New York City, New York",2008-10-22,1120193,1971,40.64599,25.75668,35.59913745000001,24.979471544117644
NEE,NextEra Energy,reports,Utilities,Multi-Utilities,"Juno Beach, Florida",1976-06-30,753308,1984 (1925),50.569443,23.339745,35.59913745000001,24.979471544117644
NEM,Newmont,reports,Materials,Gold,"Denver, Colorado",1969-06-30,1164727,1921,35.251656,31.128654,35.59913745000001,24.979471544117644
NFLX,Netflix,reports,Communication Services,Movies & Entertainment,"Los Gatos, California",2010-12-20,1065280,1997,33.22413,23.874588,35.59913745000001,24.979471544117644
NI,NiSource,reports,Utilities,Multi-Utilities,"Merrillville, Indiana",,1111711,1912,18.893347,14.270202,35.59913745000001,24.979471544117644
NKE,Nike,reports,Consumer Discretionary,"Apparel, Accessories & Luxury Goods","Washington County, Oregon",1988-11-30,320187,1964,13.788887,12.248387,35.59913745000001,24.979471544117644
NLOK,NortonLifeLock,reports,Information Technology,Application Software,"Tempe, Arizona",2003-03-25,849399,1982,0,189.50002,35.59913745000001,24.979471544117644
NLSN,Nielsen Holdings,reports,Industrials,Research & Consulting Services,"New York City, New York",2013-07-09,1492633,1923,0,,35.59913745000001,24.979471544117644
NOC,Northrop Grumman,reports,Industrials,Aerospace & Defense,"West Falls Church, Virginia",1985-06-30,1133421,"1994 (Northrop 1939, Grumman 1930)",30.947052,23.140558,35.59913745000001,24.979471544117644
NOV,Nov,reports,Energy,Oil & Gas Equipment & Services,"Houston, Texas",2005-03-14,1021860,1841,42.278976,31.3246,35.59913745000001,24.979471544117644
NOW,ServiceNow,reports,Information Technology,Systems Software,"Santa Clara, California",2019-11-21,1373715,2003,41.642,24.528204,68.79643625352108,28.86532113888889
NRG,NRG Energy,reports,Utilities,Independent Power Producers & Energy Traders,"Houston, Texas",2010-01-29,1013871,1992,44.00281,22.671013,35.59913745000001,24.979471544117644
NSC,Norfolk Southern,reports,Industrials,Railroads,"Norfolk, Virginia",1957-03-04,702165,1881/1894 (1980),15.634343,25.68421,35.59913745000001,24.979471544117644
NTAP,NetApp,reports,Information Technology,"Technology Hardware, Storage & Peripherals","Sunnyvale, California",1999-06-25,1002047,1992,32.84155,22.08519,35.59913745000001,24.979471544117644
NTRS,Northern Trust,reports,Financials,Asset Management & Custody Banks,"Chicago, Illinois",,73124,1889,21.149082,12.896503,35.59913745000001,24.979471544117644
NUE,Nucor,reports,Materials,Steel,"Charlotte, North Carolina",1985-04-30,73309,1940,62.072983,39.10433,35.59913745000001,24.979471544117644
NVDA,Nvidia,reports,Information Technology,Semiconductors,"Santa Clara, California",2001-11-30,1045810,1993,62.382248,43.489822,68.79643625352108,28.86532113888889
NVR,NVR,reports,Consumer Discretionary,Homebuilding,"Reston, Virginia",2019-09-26,906163,1980,44.235294,27.356037,68.79643625352108,28.86532113888889
NWL,Newell Brands,reports,Consumer Discretionary,Housewares & Specialties,"Atlanta, Georgia",1989-04-30,814453,1903,28.541622,17.740625,35.59913745000001,24.979471544117644
NWS,News Corp (Class B),reports,Communication Services,Publishing,"New York City, New York",2015-09-18,1564708,2013 (1980),24.446651,23.844963,35.59913745000001,24.979471544117644
NWSA,News Corp (Class A),reports,Communication Services,Publishing,"New York City, New York",2013-08-01,1564708,2013 (1980),0,25.931374,35.59913745000001,24.979471544117644
NXPI,NXP,reports,Information Technology,Semiconductors,"Eindhoven, Netherlands",2021-03-22,1413447,1953,33.322323,27.707739,68.79643625352108,28.86532113888889
O,Realty Income Corporation,reports,Real Estate,Retail REITs,"San Diego, California",2015-04-07,726728,1969,22.951633,16.32941,68.79643625352108,28.86532113888889
ODFL,Old Dominion Freight Line,reports,Industrials,Trucking,"Thomasville, North Carolina",2019-12-09,878927,1934,79.896515,50.810593,68.79643625352108,28.86532113888889
OGN,Organon & Co.,reports,Health Care,Pharmaceuticals,"Jersey City, New Jersey",2021-06-03,1821825,2021,59.171234,62.450603,68.79643625352108,28.86532113888889
OKE,Oneok,reports,Energy,Oil & Gas Storage & Transportation,"Tulsa, Oklahoma",2010-03-15,1039684,1906,0,10.110465,68.79643625352108,28.86532113888889
OMC,Omnicom Group,reports,Communication Services,Advertising,"New York City, New York",,29989,1986,871.90796,93.594635,68.79643625352108,28.86532113888889
ORCL,Oracle,reports,Information Technology,Application Software,"Austin, Texas",1989-08-31,1341439,1977,25.41434,18.541025,68.79643625352108,28.86532113888889
ORLY,O'Reilly Automotive,reports,Consumer Discretionary,Specialty Stores,"Springfield, Missouri",2009-03-27,898173,1957,43.38993,20.78994,68.79643625352108,28.86532113888889
OTIS,Otis Worldwide,reports,Industrials,Industrial Machinery,"Farmington, Connecticut",2020-04-03,1781335,2020 (1853),37.268013,16.183456,68.79643625352108,28.86532113888889
OXY,Occidental Petroleum,reports,Energy,Oil & Gas Exploration & Production,"Houston, Texas",1982-12-31,797468,1920,23.936876,15.937326,68.79643625352108,28.86532113888889
PAYC,Paycom,reports,Information Technology,Application Software,"Oklahoma City, Oklahoma",2020-01-28,1590955,1998,85.18025,16.929907,68.79643625352108,28.86532113888889
PAYX,Paychex,reports,Information Technology,Data Processing & Outsourced Services,"Penfield, New York",,723531,1971,69.32906,48.426865,68.79643625352108,28.86532113888889
PBCT,People's United Financial,reports,Financials,Thrifts & Mortgage Finance,"Bridgeport, Connecticut",2008-11-13,1378946,1842,29.67136,24.989796,68.79643625352108,28.86532113888889
PCAR,Paccar,reports,Industrials,Construction Machinery & Heavy Trucks,"Bellevue, Washington",1980-12-31,75362,1905,37.32939,26.214058,68.79643625352108,28.86532113888889
PEAK,Healthpeak Properties,reports,Real Estate,Health Care REITs,"Long Beach, California",2008-03-31,765880,1985,56.661526,44.23108,57.641993440677986,29.2056987015873
PEG,Public Service Enterprise Group,reports,Utilities,Electric Utilities,"Newark, New Jersey",1957-03-04,788784,1903,38.934353,24.37397,68.79643625352108,28.86532113888889
PENN,Penn National Gaming,reports,Consumer Discretionary,Casinos & Gaming,"Wyomissing, Pennsylvania",2021-03-22,921738,1972,49.526867,42.172665,68.79643625352108,28.86532113888889
PEP,PepsiCo,reports,Consumer Staples,Soft Drinks,"Purchase, New York",1957-03-04,77476,1898,45.89557,29.759785,68.79643625352108,28.86532113888889
PFE,Pfizer,reports,Health Care,Pharmaceuticals,"New York City, New York",1957-03-04,78003,1849,38.24226,31.0272,68.79643625352108,28.86532113888889
PFG,Principal Financial Group,reports,Financials,Life & Health Insurance,"Des Moines, Iowa",2002-07-22,1126328,1879,26.900866,20.504332,68.79643625352108,28.86532113888889
PG,Procter & Gamble,reports,Consumer Staples,Personal Products,"Cincinnati, Ohio",1957-03-04,80424,1837,38.904583,34.881493,68.79643625352108,28.86532113888889
PGR,Progressive Corporation,reports,Financials,Property & Casualty Insurance,"Mayfield Village, Ohio",1997-08-04,80661,1937,26.693712,6.748718,68.79643625352108,28.86532113888889
PH,Parker-Hannifin,reports,Industrials,Industrial Machinery,"Cleveland, Ohio",1985-11-30,76334,1917,31.636702,17.571136,68.79643625352108,28.86532113888889
PHM,PulteGroup,reports,Consumer Discretionary,Homebuilding,"Atlanta, Georgia",1984-04-30,822416,1956,68.6013,45.605865,68.79643625352108,28.86532113888889
PKG,Packaging Corporation of America,reports,Materials,Paper Packaging,"Lake Forest, Illinois",2017-07-26,75677,1959,102.03653,69.33793,68.79643625352108,28.86532113888889
PKI,PerkinElmer,reports,Health Care,Health Care Equipment,"Waltham, Massachusetts",1985-05-31,31791,1937,9.910201,7.706704,68.79643625352108,28.86532113888889
PLD,Prologis,reports,Real Estate,Industrial REITs,"San Francisco, California",2003-07-17,1045609,1983,53.734005,23.783903,68.79643625352108,28.86532113888889
PM,Philip Morris International,reports,Consumer Staples,Tobacco,"New York City, New York",2008-03-31,1413329,2008 (1847),51.70781,43.96436,68.79643625352108,28.86532113888889
PNC,PNC Financial Services,reports,Financials,Regional Banks,"Pittsburgh, Pennsylvania",1988-04-30,713676,1845,31.139603,17.801304,68.79643625352108,28.86532113888889
PNR,Pentair,reports,Industrials,Industrial Machinery,"Worsley, England",2012-10-01,77360,1966,138.06198,65.794044,68.79643625352108,28.86532113888889
PNW,Pinnacle West Capital,reports,Utilities,Multi-Utilities,"Phoenix, Arizona",,764622,1985,11.049725,8.733624,68.79643625352108,28.86532113888889
POOL,Pool Corporation,reports,Consumer Discretionary,Distributors,"Covington, Louisiana",2020-10-07,945841,1993,12.006284,11.706783,68.79643625352108,28.86532113888889
PPG,PPG Industries,reports,Materials,Specialty Chemicals,"Pittsburgh, Pennsylvania",1957-03-04,79879,1883,46.041756,31.595743,68.79643625352108,28.86532113888889
PPL,PPL,reports,Utilities,Electric Utilities,"Allentown, Pennsylvania",,922224,1920,22.52091,11.172614,68.79643625352108,28.86532113888889
PRGO,Perrigo,reports,Health Care,Pharmaceuticals,"Dublin, Ireland",2011-12-19,1585364,2013 (1887),58.70993,40.161884,68.79643625352108,28.86532113888889
PRU,Prudential Financial,reports,Financials,Life & Health Insurance,"Newark, New Jersey",2002-07-22,1137774,1875,43.517277,37.171806,68.79643625352108,28.86532113888889
PSA,Public Storage,reports,Real Estate,Specialized REITs,"Glendale, California",2005-08-19,1393311,1972,106.150185,59.304184,68.79643625352108,28.86532113888889
PSX,Phillips 66,reports,Energy,Oil & Gas Refining & Marketing,"Houston, Texas",2012-05-01,1534701,2012 (1917),37.14135,34.661186,68.79643625352108,28.86532113888889
PTC,PTC,reports,Information Technology,Application Software,"Boston, Massachusetts",2021-04-20,857005,1985,34.186977,29.116982,68.79643625352108,28.86532113888889
PVH,PVH,reports,Consumer Discretionary,"Apparel, Accessories & Luxury Goods","New York City, New York",2013-02-15,78239,1881,51.737144,32.451614,68.79643625352108,28.86532113888889
PWR,Quanta Services,reports,Industrials,Construction & Engineering,"Houston, Texas",2009-07-01,1050915,1997,24.473228,17.552368,68.79643625352108,28.86532113888889
PXD,Pioneer Natural Resources,reports,Energy,Oil & Gas Exploration & Production,"Irving, Texas",2008-09-24,1038357,1997,49.501312,6.3430495,68.79643625352108,28.86532113888889
PYPL,PayPal,reports,Information Technology,Data Processing & Outsourced Services,"San Jose, California",2015-07-20,1633917,1998,30.691914,21.513245,68.79643625352108,28.86532113888889
QCOM,Qualcomm,reports,Information Technology,Semiconductors,"San Diego, California",,804328,1985,39.150295,30.11713,68.79643625352108,28.86532113888889
QRVO,Qorvo,reports,Information Technology,Semiconductors,"Greensboro, North Carolina",2015-06-11,1604778,2015,28.593657,25.534336,68.79643625352108,28.86532113888889
RCL,Royal Caribbean Group,reports,Consumer Discretionary,"Hotels, Resorts & Cruise Lines","Miami, Florida",2014-12-05,884887,1997,33.213524,15.848837,68.79643625352108,28.86532113888889
RE,Everest Re,reports,Financials,Reinsurance,"Hamilton, Bermuda",2017-06-19,1095073,1973,10.434043,9.816728,19.941575787096774,15.928631149206348
REG,Regency Centers,reports,Real Estate,Retail REITs,"Jacksonville, Florida",2017-03-02,910606,1963,52.686405,32.925217,68.79643625352108,28.86532113888889
REGN,Regeneron Pharmaceuticals,reports,Health Care,Biotechnology,"Tarrytown, New York",2013-05-01,872589,1988,37.45548,34.07165,68.79643625352108,28.86532113888889
RF,Regions Financial Corporation,reports,Financials,Regional Banks,"Birmingham, Alabama",1998-08-28,1281761,1971,200.98393,91.156654,68.79643625352108,28.86532113888889
RHI,Robert Half International,reports,Industrials,Human Resource & Employment Services,"Menlo Park, California",2000-12-05,315213,1948,26.468086,15.680672,68.79643625352108,28.86532113888889
RJF,Raymond James Financial,reports,Financials,Investment Banking & Brokerage,"St. Petersburg, Florida",2017-03-20,720005,1962,75.683426,17.159744,68.79643625352108,28.86532113888889
RL,Ralph Lauren Corporation,reports,Consumer Discretionary,"Apparel, Accessories & Luxury Goods","New York City, New York",2007-02-02,1037038,1967,71.348885,52.159405,68.79643625352108,28.86532113888889
RMD,ResMed,reports,Health Care,Health Care Equipment,"San Diego, California",2017-07-26,943819,1989,125.18606,18.909838,68.79643625352108,28.86532113888889
ROK,Rockwell Automation,reports,Industrials,Electrical Components & Equipment,"Milwaukee, Wisconsin",,1024478,1903,26.30512,6.9783015,68.79643625352108,28.86532113888889
ROL,Rollins,reports,Industrials,Environmental & Facilities Services,"Atlanta, Georgia",2018-10-01,84839,1948,40.68956,35.71531,68.79643625352108,28.86532113888889
ROP,Roper Technologies,reports,Industrials,Industrial Conglomerates,"Sarasota, Florida",2009-12-23,882835,1981,488.28,16.585598,68.79643625352108,28.86532113888889
ROST,Ross Stores,reports,Consumer Discretionary,Apparel Retail,"Dublin, California",2009-12-21,745732,1982,26.48981,17.17312,68.79643625352108,28.86532113888889
RSG,Republic Services,reports,Industrials,Environmental & Facilities Services,"Phoenix, Arizona",2008-12-05,1060391,1998 (1981),62.06472,46.39523,68.79643625352108,28.86532113888889
RTX,Raytheon Technologies,reports,Industrials,Aerospace & Defense,"Waltham, Massachusetts",,101829,1922,20.960323,12.323923,68.79643625352108,28.86532113888889
SBAC,SBA Communications,reports,Real Estate,Specialized REITs,"Boca Raton, Florida",2017-09-01,1034054,1989,44.2294,17.09036,68.79643625352108,28.86532113888889
SBUX,Starbucks,reports,Consumer Discretionary,Restaurants,"Seattle, Washington",,829224,1971,30.35182,26.881044,26.247335639999996,18.573692857142856
SCHW,Charles Schwab Corporation,reports,Financials,Investment Banking & Brokerage,"Westlake, Texas",1997-06-02,316709,1971,15.477535,13.14831,28.040879035714287,19.841330822580638
SEE,Sealed Air,reports,Materials,Paper Packaging,"Charlotte, North Carolina",1957-03-04,1012100,1960,32.04292,23.556522,68.79643625352108,28.86532113888889
SHW,Sherwin-Williams,reports,Materials,Specialty Chemicals,"Cleveland, Ohio",1964-06-30,89800,1866,27.857586,17.643139,68.79643625352108,28.86532113888889
SIVB,SVB Financial,reports,Financials,Regional Banks,"Santa Clara, California",2018-03-19,719739,1983,23.288757,11.609876,26.247335639999996,18.573692857142856
SJM,JM Smucker,reports,Consumer Staples,Packaged Foods & Meats,"Orrville, Ohio",2008-11-06,91419,1897,75.908516,18.610592,57.641993440677986,29.2056987015873
SLB,Schlumberger,reports,Energy,Oil & Gas Equipment & Services,"Curaçao, Kingdom of the Netherlands",1965-03-31,87347,1926,19.437363,17.273438,68.79643625352108,28.86532113888889
SNA,Snap-on,reports,Industrials,Industrial Machinery,"Kenosha, Wisconsin",1982-09-30,91440,1920,64.37533,31.533854,68.79643625352108,28.86532113888889
SNPS,Synopsys,reports,Information Technology,Application Software,"Mountain View, California",2017-03-16,883241,1986,25.008575,22.876568,26.247335639999996,18.573692857142856
SO,Southern Company,reports,Utilities,Electric Utilities,"Atlanta, Georgia",1957-03-04,92122,1945,55.708046,27.672693,26.247335639999996,18.573692857142856
SPG,Simon Property Group,reports,Real Estate,Retail REITs,"Indianapolis, Indiana",2002-06-26,1063761,2003,25.934988,12.726798,68.79643625352108,28.86532113888889
SPGI,S&P Global,reports,Financials,Financial Exchanges & Data,"New York City, New York",,64040,1917,141.86418,20.045155,68.79643625352108,28.86532113888889
SRE,Sempra Energy,reports,Utilities,Multi-Utilities,"San Diego, California",,1032208,1998,27.425632,14.034818,68.79643625352108,28.86532113888889
STE,Steris,reports,Health Care,Health Care Equipment,"Dublin, Ireland",2019-12-23,1757898,1985,19.684385,14.107143,26.247335639999996,18.573692857142856
STT,State Street Corporation,reports,Financials,Asset Management & Custody Banks,"Boston, Massachusetts",,93751,1792,22.891518,10.452515,26.247335639999996,18.573692857142856
STX,Seagate Technology,reports,Information Technology,"Technology Hardware, Storage & Peripherals","Dublin, Ireland",2012-07-02,1137789,1979,19.047688,15.466278,68.79643625352108,28.86532113888889
STZ,Constellation Brands,reports,Consumer Staples,Distillers & Vintners,"Victor, New York",2005-07-01,16918,1945,20.087173,17.532608,1747.4203619999996,16.465964200000005
SWK,Stanley Black & Decker,reports,Industrials,Industrial Machinery,"New Britain, Connecticut",1982-09-30,93556,1843,40.60725,23.007425,26.247335639999996,18.573692857142856
SWKS,Skyworks Solutions,reports,Information Technology,Semiconductors,"Woburn, Massachusetts",2015-03-12,4127,2002,235.08174,58.5963,68.79643625352108,28.86532113888889
SYF,Synchrony Financial,reports,Financials,Consumer Finance,"Stamford, Connecticut",2015-11-18,1601712,2003,15.690645,15.480725,26.247335639999996,18.573692857142856
SYK,Stryker Corporation,reports,Health Care,Health Care Equipment,"Kalamazoo, Michigan",2000-12-12,310764,1941,27.59067,16.814816,26.247335639999996,18.573692857142856
SYY,Sysco,reports,Consumer Staples,Food Distributors,"Houston, Texas",1986-12-31,96021,1969,0,10.528017,26.247335639999996,18.573692857142856
T,AT&T,reports,Communication Services,Integrated Telecommunication Services,"Dallas, Texas",1983-11-30 (1957-03-04),732717,1983 (1885),8.591423,5.459521,68.16395845918368,30.509965993548388
TAP,Molson Coors Beverage Company,reports,Consumer Staples,Brewers,"Chicago, Illinois",1976-06-30,24545,"2005 (Molson 1786, Coors 1873)",31.819965,21.348684,35.59913745000001,24.979471544117644
TDG,TransDigm Group,reports,Industrials,Aerospace & Defense,"Cleveland, Ohio",2016-06-03,1260221,1993,25.700325,8.815642,26.247335639999996,18.573692857142856
TDY,Teledyne Technologies,reports,Industrials,Aerospace & Defense,"Thousand Oaks, California",2020-06-22,1094285,1960,27.07841,16.640265,26.247335639999996,18.573692857142856
TECH,Bio-Techne,reports,Health Care,Life Sciences Tools & Services,"Minneapolis, Minnesota",2021-08-30,842023,1976,31.797031,18.34825,68.16395845918368,30.509965993548388
TEL,TE Connectivity,reports,Information Technology,Electronic Manufacturing Services,"Schaffhausen, Switzerland",2011-10-17,1385157,2007,37.744312,27.78211,26.247335639999996,18.573692857142856
TER,Teradyne,reports,Information Technology,Semiconductor Equipment,"North Reading, Massachusetts",2020-09-21,97210,1960,8.164444,11.31857,26.247335639999996,18.573692857142856
TFC,Truist Financial,reports,Financials,Regional Banks,"Charlotte, North Carolina",1997-12-04,92230,1872,0,86.81633,76.07187056,102.60314824999999
TFX,Teleflex,reports,Health Care,Health Care Equipment,"Wayne, Pennsylvania",2019-01-18,96943,1943,29.387592,24.488743,26.247335639999996,18.573692857142856
TGT,Target Corporation,reports,Consumer Discretionary,General Merchandise Stores,"Minneapolis, Minnesota",1976-12-31,27419,1902,27.755611,10.899892,26.247335639999996,18.573692857142856
TJX,TJX Companies,reports,Consumer Discretionary,Apparel Retail,"Framingham, Massachusetts",1985-09-30,109198,1987,18.043074,14.023088,26.247335639999996,18.573692857142856
TMO,Thermo Fisher Scientific,reports,Health Care,Life Sciences Tools & Services,"Waltham, Massachusetts",2004-08-03,97745,2006 (1902),35.99368,43.117424,26.247335639999996,18.573692857142856
TMUS,T-Mobile US,reports,Communication Services,Wireless Telecommunication Services,"Bellevue, Washington",2019-07-15,1283699,1994,33.9404,28.754126,26.247335639999996,18.573692857142856
TPR,Tapestry,reports,Consumer Discretionary,"Apparel, Accessories & Luxury Goods","New York City, New York",,1116132,2017,17.147789,14.231771,26.247335639999996,18.573692857142856
TRMB,Trimble,reports,Information Technology,Electronic Equipment & Instruments,"Sunnyvale, California",2021-01-21,864749,1978,83.23709,73.184616,76.07187056,102.60314824999999
TROW,T. Rowe Price,reports,Financials,Asset Management & Custody Banks,"Baltimore, Maryland",,1113169,1937,21.269361,10.273723,26.247335639999996,18.573692857142856
TRV,The Travelers Companies,reports,Financials,Property & Casualty Insurance,"New York City, New York",2002-08-21,86312,1853,57.426468,51.642212,76.07187056,102.60314824999999
TSCO,Tractor Supply Company,reports,Consumer Discretionary,Specialty Stores,"Brentwood, Tennessee",2014-01-24,916365,1938,41.311527,20.122913,26.247335639999996,18.573692857142856
TSLA,Tesla,reports,Consumer Discretionary,Automobile Manufacturers,"Palo Alto, California",2020-12-21,1318605,2003,28.97088,16.284752,26.247335639999996,18.573692857142856
TSN,Tyson Foods,reports,Consumer Staples,Packaged Foods & Meats,"Springdale, Arkansas",2005-08-10,100493,1935,102.13188,96.10241,76.07187056,102.60314824999999
TT,Trane Technologies,reports,Industrials,Building Products,"Dublin, Ireland",2010-11-17,1466258,1871,0,23.561798,26.247335639999996,18.573692857142856
TTWO,Take-Two Interactive,reports,Communication Services,Interactive Home Entertainment,"New York City, New York",2018-03-19,946581,1993,17.500776,15.19407,26.247335639999996,18.573692857142856
TWTR,Twitter,reports,Communication Services,Interactive Media & Services,"San Francisco, California",2018-06-07,1418091,2006,29.53705,59.72948,76.07187056,102.60314824999999
TXN,Texas Instruments,reports,Information Technology,Semiconductors,"Dallas, Texas",,97476,1930,13.023555,6.737814,26.247335639999996,18.573692857142856
TXT,Textron,reports,Industrials,Aerospace & Defense,"Providence, Rhode Island",1978-12-31,217346,1923,0,35.912193,26.247335639999996,18.573692857142856
TYL,Tyler Technologies,reports,Information Technology,Application Software,"Plano, Texas",2020-06-22,860731,1966,0,91.77778,76.07187056,102.60314824999999
UA,Under Armour (Class C),reports,Consumer Discretionary,"Apparel, Accessories & Luxury Goods","Baltimore, Maryland",2016-04-08,1336917,1996,0,,76.07187056,102.60314824999999
UAA,Under Armour (Class A),reports,Consumer Discretionary,"Apparel, Accessories & Luxury Goods","Baltimore, Maryland",2014-05-01,1336917,1996,0,936.8333,76.07187056,102.60314824999999
UAL,United Airlines,reports,Industrials,Airlines,"Chicago, Illinois",2015-09-03,100517,1967,45.893967,91.42697,76.07187056,102.60314824999999
UDR,UDR,reports,Real Estate,Residential REITs,"Highlands Ranch, Colorado",2016-03-07,74208,1972,48.767124,88.08247,76.07187056,102.60314824999999
UHS,Universal Health Services,reports,Health Care,Health Care Facilities,"King of Prussia, Pennsylvania",2014-09-20,352915,1979,9.246402,42.823532,76.07187056,102.60314824999999
ULTA,Ulta Beauty,reports,Consumer Discretionary,Specialty Stores,"Bolingbrook, Illinois",2016-04-18,1403568,1990,20.48959,20.805714,76.07187056,102.60314824999999
UNH,UnitedHealth Group,reports,Health Care,Managed Health Care,"Minnetonka, Minnesota",1994-07-01,731766,1977,37.994534,36.824505,76.07187056,102.60314824999999
UNM,Unum Group,reports,Financials,Life & Health Insurance,"Chattanooga, Tennessee",1994-03-01,5513,1999,29.638367,65.51862,76.07187056,102.60314824999999
UNP,Union Pacific,reports,Industrials,Railroads,"Omaha, Nebraska",1957-03-04,100885,1862,70.14493,40.574852,76.07187056,102.60314824999999
UPS,United Parcel Service,reports,Industrials,Air Freight & Logistics,"Sandy Springs, Georgia",2002-07-22,1090727,1907,37.6619,31.314686,76.07187056,102.60314824999999
URI,United Rentals,reports,Industrials,Trading Companies & Distributors,"Stamford, Connecticut",2014-09-20,1067701,1997,40.52929,39.817776,76.07187056,102.60314824999999
USB,U.S. Bancorp,reports,Financials,Diversified Banks,"Minneapolis, Minnesota",,36104,1968,51.318794,65.89333,76.07187056,102.60314824999999
V,Visa,reports,Information Technology,Data Processing & Outsourced Services,"San Francisco, California",2009-12-21,1403161,1958,73.24692,70.21302,76.07187056,102.60314824999999
VFC,VF Corporation,reports,Consumer Discretionary,"Apparel, Accessories & Luxury Goods","Denver, Colorado",1979-06-30,103379,1899,38.478523,22.085253,76.07187056,102.60314824999999
VIAC,ViacomCBS,reports,Communication Services,Movies & Entertainment,"New York City, New York",,813828,2019 (1952),273.67346,357.59998,76.07187056,102.60314824999999
VLO,Valero Energy,reports,Energy,Oil & Gas Refining & Marketing,"San Antonio, Texas",,1035002,1980,71.63085,60.75233,76.07187056,102.60314824999999
VMC,Vulcan Materials,reports,Materials,Construction Materials,"Birmingham, Alabama",1999-06-30,1396009,1909,21.79717,19.933754,27.990754239999998,18.13170546071429
VNO,Vornado Realty Trust,reports,Real Estate,Office REITs,"New York City, New York",,899689,1982,37.602703,27.162601,76.07187056,102.60314824999999
VRSK,Verisk Analytics,reports,Industrials,Research & Consulting Services,"Jersey City, New Jersey",2015-10-08,1442145,1971,46.085854,38.26609,76.07187056,102.60314824999999
VRSN,Verisign,reports,Information Technology,Internet Services & Infrastructure,"Dulles, Virginia",2006-02-01,1014473,1995,50.886078,76.839165,76.07187056,102.60314824999999
VRTX,Vertex Pharmaceuticals,reports,Health Care,Biotechnology,"Cambridge, Massachusetts",2013-09-23,875320,1989,188.7884,94.726875,76.07187056,102.60314824999999
VTR,Ventas,reports,Real Estate,Health Care REITs,"Chicago, Illinois",2009-03-04,740260,1998,290.2672,100.980286,76.07187056,102.60314824999999
VTRS,Viatris,reports,Health Care,Pharmaceuticals,"Pittsburgh, Pennsylvania",2004-04-23,1792044,1961,77.63968,45.39333,76.07187056,102.60314824999999
VZ,Verizon Communications,reports,Communication Services,Integrated Telecommunication Services,"New York City, New York",1983-11-30,732712,1983 (1877),89.47971,59.700638,76.07187056,102.60314824999999
WAB,Wabtec,reports,Industrials,Construction Machinery & Heavy Trucks,"Pittsburgh, Pennsylvania",2019-02-27,943452,1999 (1869),0,14.1197605,27.990754239999998,18.13170546071429
WAT,Waters Corporation,reports,Health Care,Health Care Distributors,"Milford, Massachusetts",,1000697,1958,9.95511,15.374852,27.990754239999998,18.13170546071429
WBA,Walgreens Boots Alliance,reports,Consumer Staples,Drug Retail,"Deerfield, Illinois",1979-12-31,1618921,2014,0,16.937931,27.990754239999998,18.13170546071429
WDC,Western Digital,reports,Information Technology,"Technology Hardware, Storage & Peripherals","San Jose, California",2009-07-01,106040,1970,27.001387,12.362288,27.990754239999998,18.13170546071429
WEC,WEC Energy Group,reports,Utilities,Electric Utilities,"Milwaukee, Wisconsin",2008-10-31,783325,1896,14.935171,14.176924,27.990754239999998,18.13170546071429
WELL,Welltower,reports,Real Estate,Health Care REITs,"Toledo, Ohio",2009-01-30,766704,1970,22.98564,21.265736,27.990754239999998,18.13170546071429
WFC,Wells Fargo,reports,Financials,Diversified Banks,"San Francisco, California",1976-06-30,72971,1852,33.744,7.2226024,27.990754239999998,18.13170546071429
WHR,Whirlpool Corporation,reports,Consumer Discretionary,Household Appliances,"Benton Harbor, Michigan",,106640,1911,23.069307,20.762375,27.990754239999998,18.13170546071429
WLTW,Willis Towers Watson,reports,Financials,Insurance Brokers,"London, England",2016-01-05,1140536,2016,23.425776,20.963503,27.990754239999998,18.13170546071429
WM,Waste Management,reports,Industrials,Environmental & Facilities Services,"Houston, Texas",,823768,1968,57.324028,18.080734,27.990754239999998,18.13170546071429
WMB,Williams Companies,reports,Energy,Oil & Gas Storage & Transportation,"Tulsa, Oklahoma",1975-03-31,107263,1908,19.332308,17.95143,27.990754239999998,18.13170546071429
WMT,Walmart,reports,Consumer Staples,Hypermarkets & Super Centers,"Bentonville, Arkansas",1982-08-31,104169,1962,16.228724,17.434286,27.990754239999998,18.13170546071429
WRB,W. R. Berkley Corporation,reports,Financials,Property & Casualty Insurance,"Greenwich, Connecticut",2019-12-05,11544,1967,15.48444,15.695591,27.990754239999998,18.13170546071429
WRK,WestRock,reports,Materials,Paper Packaging,"Atlanta, Georgia",,1732845,2015,17.609808,16.617706,27.990754239999998,18.13170546071429
WST,West Pharmaceutical Services,reports,Health Care,Health Care Supplies,"Exton, Pennsylvania",2020-05-22,105770,1923,43.137115,38.6269,27.990754239999998,18.13170546071429
WU,Western Union,reports,Information Technology,Data Processing & Outsourced Services,"Englewood, Colorado",2006-09-29,1365135,1851,13.300288,16.823809,27.990754239999998,18.13170546071429
WY,Weyerhaeuser,reports,Real Estate,Specialized REITs,"Federal Way, Washington",,106535,1900,16.731094,16.419891,27.990754239999998,18.13170546071429
WYNN,Wynn Resorts,reports,Consumer Discretionary,Casinos & Gaming,"Paradise, Nevada",2008-11-14,1174922,2002,23.016092,20.281172,27.990754239999998,18.13170546071429
XEL,Xcel Energy,reports,Utilities,Multi-Utilities,"Minneapolis, Minnesota",1957-03-04,72903,1909,21.614046,16.241684,27.990754239999998,18.13170546071429
XLNX,Xilinx,reports,Information Technology,Semiconductors,"San Jose, California",1999-11-08,743988,1984,63.00261,17.113476,27.990754239999998,18.13170546071429
XOM,ExxonMobil,reports,Energy,Integrated Oil & Gas,"Irving, Texas",1957-03-04,34088,1999,11.609456,9.346236,19.941575787096774,15.928631149206348
XRAY,Dentsply Sirona,reports,Health Care,Health Care Supplies,"Charlotte, North Carolina",2008-11-14,818479,2016 (1969),0,15.572568,1747.4203619999996,16.465964200000005
XYL,Xylem,reports,Industrials,Industrial Machinery,"White Plains, New York",2011-11-01,1524472,2011,20.462563,20.094772,27.990754239999998,18.13170546071429
YUM,Yum! Brands,reports,Consumer Discretionary,Restaurants,"Louisville, Kentucky",1997-10-06,1041061,1997,44.48649,16.29703,27.990754239999998,18.13170546071429
ZBH,Zimmer Biomet,reports,Health Care,Health Care Equipment,"Warsaw, Indiana",2001-08-07,1136869,1927,20.003145,17.91831,27.990754239999998,18.13170546071429
ZBRA,Zebra Technologies,reports,Information Technology,Electronic Equipment & Instruments,"Lincolnshire, Illinois",2019-12-23,877212,1969,14.833264,14.248047,27.990754239999998,18.13170546071429
ZION,Zions Bancorp,reports,Financials,Regional Banks,"Salt Lake City, Utah",2001-06-22,109380,1873,0,16.55814,27.990754239999998,18.13170546071429
ZTS,Zoetis,reports,Health Care,Pharmaceuticals,"Parsippany, New Jersey",2013-06-21,1555280,1952,38.81517,30,27.990754239999998,18.13170546071429
